ds,yhat,yhat_lower,yhat_upper,Store
2013-01-02,12699.552569144991,10229.762386277374,15376.045259896899,820
2013-01-03,12081.137776463665,9858.237717670909,14392.197559811133,820
2013-01-04,12621.55336235839,10434.604811042238,14930.840833328515,820
2013-01-05,12819.704221402348,10346.48806755875,15102.101492713715,820
2013-01-07,13795.495910543388,11327.572807640738,16089.016913976504,820
2013-01-08,11935.108634186905,9475.170545708033,14440.74490120287,820
2013-01-09,11373.606904381302,9142.542580208097,13738.633852291085,820
2013-01-10,10827.22378786809,8506.439332844642,13161.258608951252,820
2013-01-11,11449.385941939072,9097.057811300676,13770.4900568682,820
2013-01-12,11737.287353338274,9282.327327338815,13996.270428117426,820
2013-01-14,12909.522978511173,10420.363640253128,15402.186890734853,820
2013-01-15,11152.284874801433,8730.867518515019,13703.465587526085,820
2013-01-16,10694.913096903876,8325.165559445108,13343.05339437102,820
2013-01-17,10252.00179971116,7840.036153010932,12757.642477558431,820
2013-01-18,10975.442047505341,8551.517151714661,13323.7599325383,820
2013-01-19,11361.018345280796,9004.844198925815,13596.675708173536,820
2013-01-21,12712.89724579068,10245.127064161086,15158.615030093584,820
2013-01-22,11035.590986270327,8694.013009809814,13578.240017444336,820
2013-01-23,10650.49288586637,8314.048128674101,13084.801820166827,820
2013-01-24,10271.624503484023,7777.053975891228,12613.243172313521,820
2013-01-25,11050.485102807083,8620.717949695,13431.459182858074,820
2013-01-26,11482.64391944344,9077.647664549726,13862.389254575573,820
2013-01-28,12901.148224316383,10594.275162686468,15089.989410666045,820
2013-01-29,11244.255882437206,8750.162608647512,13434.643504855248,820
2013-01-30,10871.448500916063,8424.463446277723,13164.239937107772,820
2013-01-31,10497.252565781208,8085.370595437112,12817.48414100003,820
2013-02-01,11273.770153542928,8962.163105311176,13683.143030624347,820
2013-02-02,11697.253406825286,9227.032455691768,14015.114950179232,820
2013-02-04,13082.433740726114,10713.085433390457,15465.54036371843,820
2013-02-05,11402.499655454545,8689.513539672082,13828.502466507813,820
2013-02-06,11003.498203587751,8674.197693728885,13331.224239596386,820
2013-02-07,10600.780891731743,8217.59013427559,13026.296703226122,820
2013-02-08,11347.25788289665,8832.328616885154,13844.759536430489,820
2013-02-09,11739.96055476064,9434.086095212488,14192.317445878325,820
2013-02-11,13064.272451364086,10521.718505567045,15501.941697127417,820
2013-02-12,11355.58054889657,8943.265515018309,13719.101907645132,820
2013-02-13,10929.729052042376,8461.786941284674,13134.177032456919,820
2013-02-14,10502.5831458025,8071.037471244038,12846.768011519936,820
2013-02-15,11227.500216539593,8976.839153231584,13704.777189061604,820
2013-02-16,11601.891092738364,9240.542861058673,14052.095588652404,820
2013-02-18,12900.50186927818,10584.951052965684,15274.40367723674,820
2013-02-19,11184.842250303222,8818.323692277963,13498.454869425568,820
2013-02-20,10756.117425072034,8453.077814890905,13206.350742962864,820
2013-02-21,10330.243567789268,7907.452165746745,12817.50099529886,820
2013-02-22,11060.569193934125,8896.741432994255,13449.782990439571,820
2013-02-23,11444.438961630556,9080.856066618917,13824.979767398581,820
2013-02-25,12773.683198158691,10356.256070041745,15257.564151496475,820
2013-02-26,11078.783175663219,8796.224517382736,13570.300260121334,820
2013-02-27,10674.103734288989,8259.852527905381,13219.98414495173,820
2013-02-28,10275.24848155821,7941.629580263881,12601.995099774398,820
2013-03-01,11035.212441464524,8816.644792447383,13660.324395202942,820
2013-03-02,11450.948949858926,8986.131931552121,13771.785851059816,820
2013-03-04,12848.87804157986,10583.673274142619,15093.98130154908,820
2013-03-05,11189.85658789339,8719.782497160042,13454.86802061825,820
2013-03-06,10821.413922235468,8480.475186560814,13250.603023005917,820
2013-03-07,10458.632236606933,8101.180802100921,13098.026016211339,820
2013-03-08,11253.974506620889,8864.74410570715,13855.176522123518,820
2013-03-09,11703.857929545822,9412.805796551036,14086.148924891539,820
2013-03-11,13164.265181805968,10898.781282542614,15707.387779713394,820
2013-03-12,11532.549436524341,9354.954889266504,14015.198495385386,820
2013-03-13,11188.14680424428,8803.514260333597,13613.664000992183,820
2013-03-14,10845.700202049447,8396.075242635916,13344.780613845582,820
2013-03-15,11657.278580094659,9156.92774975014,14006.105689315513,820
2013-03-16,12118.959055647576,9853.600204605647,14415.446300064928,820
2013-03-18,13588.601964207395,11259.90721015781,15950.459021827328,820
2013-03-19,11953.98597890716,9547.050222061745,14328.771697973265,820
2013-03-20,11601.578995488779,9312.41462947228,14001.205271889225,820
2013-03-21,11246.062597947317,8926.464425674812,13441.931087745766,820
2013-03-22,12039.63440200688,9818.272629640807,14692.466460612462,820
2013-03-23,12478.591419824024,10058.559180385384,14952.573880696522,820
2013-03-25,13889.966808067038,11512.602521293447,16289.485438437074,820
2013-03-26,12220.687272378744,9819.663943847856,14637.14475240253,820
2013-03-27,11830.649676823192,9536.697346583434,14181.913689018947,820
2013-03-28,11435.162657887618,8977.684777211503,13827.614837661944,820
2013-03-30,12583.515242752701,10160.645172088794,14998.681990212328,820
2013-04-02,12200.106320513836,9834.883324883276,14566.013603450056,820
2013-04-03,11771.536092001492,9376.871522438074,14192.083276258232,820
2013-04-04,11340.415050608855,8784.826854170538,13911.75813281457,820
2013-04-05,12060.312116271838,9722.797539441892,14542.206208959398,820
2013-04-06,12428.877632949712,9851.536621236162,14831.344398675668,820
2013-04-08,13714.473340807735,11203.134012167891,16128.061023492313,820
2013-04-09,11992.168988849446,9633.094428238432,14318.99525740616,820
2013-04-10,11557.063527292597,9273.267008634482,13961.853707962666,820
2013-04-11,11125.317931874588,8890.30822989449,13493.729380613184,820
2013-04-12,11850.495345545627,9601.867353798449,14152.412004309537,820
2013-04-13,12230.115043109154,9695.301686130355,14567.279598227828,820
2013-04-15,13554.001098174223,11113.61663169276,15994.223940614946,820
2013-04-16,11858.071379261833,9334.579784725916,14181.308564760928,820
2013-04-17,11453.40849220859,9178.033833530784,13896.818599251308,820
2013-04-18,11055.494150012133,8672.457622309337,13348.843091136689,820
2013-04-19,11817.137175212627,9435.331257472117,14212.072552193697,820
2013-04-20,12235.044250264178,9972.321984165581,14693.33490613406,820
2013-04-22,13637.539870419014,11259.803655104814,16035.064635525556,820
2013-04-23,11980.186126990286,9607.110756548813,14323.727993526178,820
2013-04-24,11612.46897199895,9317.927735471903,14062.444184347005,820
2013-04-25,11249.05673328524,8893.10120425202,13452.635888005341,820
2013-04-26,12042.003807565743,9497.02682311261,14473.670913235226,820
2013-04-27,12487.339112979524,10019.420794910084,14809.291034980613,820
2013-04-29,13930.829058419407,11506.56764674143,16357.714152271235,820
2013-04-30,12286.2006055856,9789.326935157502,14537.808030607066,820
2013-05-02,11563.801157992042,9216.400216513019,14080.35599303027,820
2013-05-03,12352.673166119921,10132.190694971685,14719.181590880282,820
2013-05-04,12788.472329158947,10481.379731080417,15316.93996238211,820
2013-05-06,14197.755146868196,11967.120667046262,16645.180895441998,820
2013-05-07,12529.363295720952,9908.087754535101,14994.565217160389,820
2013-05-08,12141.399209490239,9838.17359763206,14568.219713325212,820
2013-05-10,12505.290220556952,10200.547358655405,15006.004125408606,820
2013-05-11,12906.92411994225,10653.22877799318,15141.868196994223,820
2013-05-13,14246.613728664805,11895.93208957471,16709.67187232484,820
2013-05-14,12544.36000980276,10216.822687104626,15146.955779894834,820
2013-05-15,12124.144811925142,9636.425267949222,14559.209347951903,820
2013-05-16,11701.877549705572,9228.74150772125,14173.453868407489,820
2013-05-17,12430.967599442376,10013.561333495823,14734.53418388539,820
2013-05-18,12808.877058425813,10408.037992178924,14966.274944378856,820
2013-05-21,12398.764688559759,9900.269545463516,14689.7185904885,820
2013-05-22,11971.114563188225,9561.282152696429,14443.412617001732,820
2013-05-23,11545.584885330105,9141.642927289251,13914.06524518741,820
2013-05-24,12275.38492226682,9919.86010388147,14588.849452494336,820
2013-05-25,12657.665554568473,10345.68900243193,15092.956138103436,820
2013-05-27,13979.485170490325,11503.868222437604,16145.528211600236,820
2013-05-28,12278.086220483185,9911.922814543079,14572.38015506534,820
2013-05-29,11864.526619461829,9579.110940947998,14357.651227495882,820
2013-05-31,12198.935948802153,9917.88391235958,14710.58804554099,820
2013-06-01,12595.901060495366,10135.537004148582,14992.942417911254,820
2013-06-03,13943.049149957722,11315.367396805492,16503.14102867515,820
2013-06-04,12251.122240012299,9752.61889247267,14629.550180408392,820
2013-06-05,11844.241691814965,9546.983896580561,14291.420075916703,820
2013-06-06,11437.180154418014,9137.559211731439,13768.398516782478,820
2013-06-07,12182.17706328176,9658.427067408902,14420.361779385676,820
2013-06-08,12575.527435907006,9928.262582511565,14988.08786276452,820
2013-06-10,13904.402086230799,11478.631906688022,16201.893876106928,820
2013-06-11,12198.058115087082,9860.079893099355,14327.995766371874,820
2013-06-12,11773.595438341894,9272.079630145701,14114.920226897706,820
2013-06-13,11346.189448729945,9038.814041149672,13693.209693992825,820
2013-06-14,12068.579866464941,9597.236623871622,14437.796744652213,820
2013-06-15,12437.646738345175,9958.820128168301,14741.982362930892,820
2013-06-17,13715.594587904216,11325.829382199347,16131.8831321902,820
2013-06-18,11984.055969163286,9576.595222134874,14388.361645566254,820
2013-06-19,11535.5810552169,8935.214529618232,13802.423234449958,820
2013-06-20,11086.096227432243,8681.84815102005,13420.514078860298,820
2013-06-21,11789.06733610186,9473.810396283196,14045.613093467242,820
2013-06-22,12142.056588823682,9839.685532757501,14693.126709035167,820
2013-06-24,13400.276756059782,10973.359916592965,15779.527110061204,820
2013-06-25,11666.079074676505,9254.808284540413,14083.086307742542,820
2013-06-26,11220.242398625629,8758.838478587062,13579.468250495363,820
2013-06-27,10778.923430406247,8522.605127177276,13165.93781849842,820
2013-06-28,11495.69779521534,9026.042933109335,13917.469489182144,820
2013-06-29,11868.113483454581,9397.264995628882,14164.020597395114,820
2013-07-01,13181.380039190924,10772.961614781574,15592.213399208571,820
2013-07-02,11482.165678268446,9150.867798062087,13737.97524184012,820
2013-07-03,11075.676202897315,8691.972282741577,13483.13093534706,820
2013-07-04,10677.487354584817,8071.252284000509,12960.551697563418,820
2013-07-05,11440.509944156996,9037.342974912377,13655.138933320046,820
2013-07-06,11861.558119206,9353.409379430546,14192.70410196781,820
2013-07-08,13276.06015943929,10906.405673367404,15784.787177119159,820
2013-07-09,11627.786191572151,9325.157689338044,14010.118374924275,820
2013-07-10,11271.331510842885,8787.769237790106,13566.535529716824,820
2013-07-11,10921.448237233837,8709.656598169744,13306.78208347079,820
2013-07-12,11730.256979117532,9380.114797970265,14103.502190360912,820
2013-07-13,12193.830314797986,9777.211760294258,14628.188672794926,820
2013-07-15,13680.956583515124,11510.196403739352,16292.339570243334,820
2013-07-16,12061.654954984573,9565.163988833041,14510.789682792121,820
2013-07-17,11728.675288911798,9334.766663938046,14134.19848266314,820
2013-07-18,11396.435660793763,8861.789309126056,13797.65814252201,820
2013-07-19,12216.821613889542,9844.761796607118,14607.3789715448,820
2013-07-20,12685.770024918796,10322.054343337444,15250.728423173447,820
2013-07-22,14164.980985800486,11770.946910676474,16457.79100020994,820
2013-07-23,12532.587841307666,10178.399780315061,14906.774244288254,820
2013-07-24,12180.699267556158,9586.477043280873,14340.297270408484,820
2013-07-25,11824.02950395354,9620.340174598006,14323.562527814645,820
2013-07-26,12614.822893957078,10291.577360843834,15014.672744826064,820
2013-07-27,13049.427670924002,10674.628039693254,15356.37836014347,820
2013-07-29,14447.544347829604,11882.881727491615,16868.725962456952,820
2013-07-30,12769.393551450841,10306.238725768282,15156.809248228234,820
2013-07-31,12368.9630586712,9794.169196117342,14678.096951473193,820
2013-08-01,11961.49168514508,9561.848373316396,14169.014576697566,820
2013-08-02,12699.745360784285,10212.504193557384,15068.933792456946,820
2013-08-03,13080.584795048408,10533.232062667,15528.688628874226,820
2013-08-05,14369.470596493178,11932.774009366745,16696.94571793754,820
2013-08-06,12636.796767660178,10295.785458905299,15061.25308214048,820
2013-08-07,12182.499381568918,9748.510021486463,14465.08011681169,820
2013-08-08,11722.23736653735,9291.438355776754,14274.531084219368,820
2013-08-09,12409.177115757548,9881.717585806144,14796.275187704681,820
2013-08-10,12740.561816597223,10321.579578594397,15065.455499692765,820
2013-08-12,13937.568661500785,11351.645915198698,16302.461598074302,820
2013-08-13,12163.165525019933,9808.831624012782,14503.496062909637,820
2013-08-14,11670.392108692005,9399.643189375473,14014.315105776966,820
2013-08-16,11831.169258270504,9325.930187350625,14180.734243838875,820
2013-08-17,12135.757023627635,9651.896573482147,14610.850166808032,820
2013-08-19,13292.98077185618,10873.672764136265,15566.704900017785,820
2013-08-20,11506.156574804476,9227.638451919927,13893.068744128099,820
2013-08-21,11006.289342746151,8586.251726605564,13356.52685000906,820
2013-08-22,10509.59215351837,8143.718987387037,12988.845698652918,820
2013-08-23,11169.745686557777,8846.180843967366,13560.762371026807,820
2013-08-24,11484.459631125486,9101.550759957076,13793.667855570144,820
2013-08-26,12680.039993728562,10260.054306948703,15027.837782941173,820
2013-08-27,10921.482980299144,8518.806430902456,13321.66198243851,820
2013-08-28,10455.850097360377,8002.421236837488,12838.934006697185,820
2013-08-29,9999.186880099505,7693.976016629517,12342.881296791284,820
2013-08-30,10704.920294329218,8284.386635122499,13191.554064766213,820
2013-08-31,11070.415646753483,8924.250564795055,13456.352780331597,820
2013-09-02,12381.318289989744,9977.531822783803,14722.53792617984,820
2013-09-03,10686.146104225636,8276.392388011744,13143.835216600939,820
2013-09-04,10286.793180350942,7839.16360192291,12853.017876564936,820
2013-09-05,9898.510741004915,7630.6102703114575,12231.686934906409,820
2013-09-06,10673.858900586729,8306.301210002868,13134.91871001011,820
2013-09-07,11109.275283875731,8666.696154925361,13471.146935143097,820
2013-09-09,12557.010677520833,10276.16680795245,15045.519530886715,820
2013-09-10,10926.728050843107,8641.797584136151,13318.90578287039,820
2013-09-11,10588.56441635541,8383.061261194556,12983.681199462872,820
2013-09-12,10256.789018416366,7784.574910898006,12714.678308912751,820
2013-09-13,11083.029290860433,8743.139832666895,13556.241144112964,820
2013-09-14,11562.860841232967,9232.71919811766,14022.223711406165,820
2013-09-16,13077.025151622147,10674.58327846282,15440.400128676813,820
2013-09-17,11467.567527774938,9167.77062623628,13910.701571018328,820
2013-09-18,11141.40863727133,8724.07187981265,13522.707038393852,820
2013-09-19,10812.592475643363,8505.004620499127,13235.171746034324,820
2013-09-20,11632.69022136025,9193.205243098746,14126.754970838978,820
2013-09-21,12097.396830117897,9874.020100058373,14393.69995272165,820
2013-09-23,13555.731820290624,11154.376675274161,15874.524871221527,820
2013-09-24,11906.690713507762,9587.467557470964,14281.843113981153,820
2013-09-25,11534.192399631194,9133.526264106195,13886.547774639592,820
2013-09-26,11153.236563069873,8757.2297347167,13693.416949603932,820
2013-09-27,11916.48007144492,9559.692347379674,14336.26359219095,820
2013-09-28,12320.812168104236,9860.285261112855,14782.91157488067,820
2013-09-30,13653.007383506592,11332.049456775492,15988.55262302896,820
2013-10-01,11940.898812307592,9486.404420391129,14433.418574435495,820
2013-10-02,11507.148480451444,9054.695402449943,13812.743945187374,820
2013-10-04,11777.614172590835,9251.77707788223,14160.133878172564,820
2013-10-05,12133.800409605195,9869.528219619498,14460.217047219883,820
2013-10-07,13390.408942693555,11186.547333440958,15820.897467364981,820
2013-10-08,11652.466743642637,9472.381342456603,14049.551050267499,820
2013-10-09,11201.620172639063,8871.418424173058,13614.859905548292,820
2013-10-10,10754.512851811754,8324.324656346675,13144.076532208537,820
2013-10-11,11465.163837031216,9012.378982563561,13872.737754180995,820
2013-10-12,11831.508051791649,9190.095904780934,14362.399015678107,820
2013-10-14,13133.983755706886,10942.911812279743,15503.955565287544,820
2013-10-15,11430.444127447507,9145.500272467638,13801.683319489899,820
2013-10-16,11020.455489719863,8575.09933392405,13339.281086132238,820
2013-10-17,10619.559274746814,8159.587528442391,13064.745864953615,820
2013-10-18,11380.535726787939,8917.80224031848,13841.178438613522,820
2013-10-19,11799.974548229306,9252.38055843812,14173.83438495984,820
2013-10-21,13211.23643703423,10881.385466186159,15553.12092457917,820
2013-10-22,11560.476971878052,9138.871563040755,14051.002520000258,820
2013-10-23,11200.289728989823,8726.292918976062,13725.611829797865,820
2013-10-24,10844.872839458627,8224.948534873656,13208.14146637867,820
2013-10-25,11645.77415570359,9330.44107041153,13937.73281339429,820
2013-10-26,12098.495600784398,9657.270787931915,14506.743497461746,820
2013-10-28,13552.947065006798,10915.865148292902,15885.079382126854,820
2013-10-29,11910.895941486579,9493.768032520225,14306.236612997784,820
2013-10-30,11550.415732386979,9276.553520116937,13981.868282209944,820
2013-10-31,11185.707071810657,8852.396295288152,13518.91050838369,820
2013-11-02,12395.030762008271,9992.773768216519,14786.259747119178,820
2013-11-04,13775.497160666138,11421.280918079055,16168.345096405068,820
2013-11-05,12087.89898329318,9778.678439121133,14491.751796059956,820
2013-11-06,11677.936690471797,9374.269868576219,14052.650257370977,820
2013-11-07,11261.331625113246,8845.279083591377,13859.631838697625,820
2013-11-08,11991.522835466983,9584.323523789084,14367.31414704714,820
2013-11-09,12366.229743482565,9944.858697029094,14872.529195872934,820
2013-11-11,13652.910988483804,11287.622832032019,16142.390018891527,820
2013-11-12,11926.684743888292,9577.148747368406,14395.977564268265,820
2013-11-13,11485.733527192244,9172.700293523543,13872.218430562167,820
2013-11-14,11047.209489874858,8844.00807622533,13243.142033984166,820
2013-11-15,11765.80194838484,9395.485526663266,13988.032628432195,820
2013-11-16,12140.26463218353,10025.786310221109,14520.156962258354,820
2013-11-18,13463.416276195543,11055.530040589556,15864.368243330988,820
2013-11-19,11774.635488285814,9375.746951850542,14034.143682582646,820
2013-11-20,11383.931219002985,8937.141899176284,13775.374285340517,820
2013-11-21,11008.06594180848,8556.128046298843,13366.663568391596,820
2013-11-22,11801.031232670337,9552.065960411324,14332.480739477714,820
2013-11-23,12260.583867370482,9906.02170881697,14739.114549287706,820
2013-11-25,13780.685451706198,11417.543623898873,16154.249817589145,820
2013-11-26,12200.451840082113,9835.263926924927,14599.647477749155,820
2013-11-27,11922.45008251861,9520.205093148463,14363.590639565884,820
2013-11-28,11661.316918311917,9160.057600485266,14053.590678643961,820
2013-11-29,12568.804922500136,10261.003264744098,15007.431562580514,820
2013-11-30,13140.365340103996,10514.729742248674,15582.259287964547,820
2013-12-02,14867.676022082474,12489.539924592402,17073.394646002802,820
2013-12-03,13378.141521718726,10965.9749161285,15924.679345566814,820
2013-12-04,13179.37328967873,10782.842533488089,15884.845932049207,820
2013-12-05,12984.144083147476,10443.663619943341,15321.575252781044,820
2013-12-06,13942.515212768049,11497.168027355585,16364.750135250679,820
2013-12-07,14548.500152206616,12231.03562436797,17045.24550495032,820
2013-12-09,16290.986596272416,13807.749457524562,18795.384188551496,820
2013-12-10,14780.852752657142,12388.250945714963,17126.62481687901,820
2013-12-11,14542.400525744899,12023.86175010086,16952.945196498753,820
2013-12-12,14288.540890822664,11917.304605408966,16711.49422391751,820
2013-12-13,15169.86273761437,12781.760791703751,17699.74007295969,820
2013-12-14,15681.243467105855,13172.249392678474,18100.728228003318,820
2013-12-16,17186.887827764414,14883.098994089081,19679.8684262012,820
2013-12-17,15537.743645657447,13161.254454814014,17803.043587622786,820
2013-12-18,15149.117330883138,12788.725198320957,17610.608224480522,820
2013-12-19,14736.093296596377,12255.42300845015,17317.07443750971,820
2013-12-20,15451.584530195694,12974.691059454606,17836.697737843617,820
2013-12-21,15792.897743391444,13267.098684353534,18268.698453433903,820
2013-12-23,16955.656598116286,14558.5929406466,19470.968051257547,820
2013-12-24,15138.653485323226,12830.724033633604,17727.825216643414,820
2013-12-27,14591.292556415785,12255.120313445186,16977.95208689833,820
2013-12-28,14799.917621601642,12333.120816573582,17291.53150923127,820
2013-12-30,15738.825033697143,13233.631789647408,18104.071301785978,820
2013-12-31,13833.301615842047,11393.31683589123,16305.070383366834,820
2014-01-02,12588.830135650507,10083.115582852439,14979.76658209444,820
2014-01-03,13122.96486176934,10662.652611636917,15540.826821242512,820
2014-01-04,13312.204799288222,10923.645641309902,15708.97919417706,820
2014-01-07,12387.71573932892,9820.935211130707,14974.6979765109,820
2014-01-08,11809.52371985799,9638.408914108224,14290.014577395366,820
2014-01-09,11245.289223920783,8928.627835774125,13880.048189588473,820
2014-01-10,11848.76903217934,9472.47031669598,14142.714465116944,820
2014-01-11,12117.484404962497,9690.146997732345,14439.802189975822,820
2014-01-13,13251.096648734007,10808.866235767593,15762.726528330217,820
2014-01-14,11475.010603883155,9016.23963213588,13934.531759826332,820
2014-01-15,10999.456824269213,8661.04470394359,13411.70844162528,820
2014-01-16,10539.264218296268,7970.345910240653,12833.105317744727,820
2014-01-17,11246.528793734364,8925.861944386119,13531.903761222311,820
2014-01-18,11617.208112252845,9214.991273374724,14102.7322730305,820
2014-01-20,12943.654771038677,10432.100451529908,15376.349378388444,820
2014-01-21,11255.991767807604,8779.463986545004,13613.32372807361,820
2014-01-22,10862.173596697561,8413.462470280878,13297.809680956838,820
2014-01-23,10475.987479744352,8033.7282848142395,12751.592697107288,820
2014-01-24,11249.153889959252,8745.6455513526,13587.50276023714,820
2014-01-25,11677.193656048197,9321.630148590188,14050.40240934308,820
2014-01-27,13091.872970946619,10538.55990095259,15578.156358006394,820
2014-01-28,11435.068498771485,9218.840050087358,13870.079651403641,820
2014-01-29,11063.518299069154,8614.42846200168,13434.209355436968,820
2014-01-30,10691.610572561085,8489.721499816615,13040.714148829567,820
2014-01-31,11471.301007060001,9180.638826267543,13617.001447037155,820
2014-02-01,11898.690426094417,9538.290334832527,14275.162152471397,820
2014-02-03,13293.270834828465,10903.639509390505,15588.35619932996,820
2014-02-04,11618.529094554164,9266.817747695062,14015.671967714015,820
2014-02-05,11224.854865567453,8869.049054741368,13515.448520232267,820
2014-02-06,10827.463427796149,8541.547019776848,13247.004910511896,820
2014-02-07,11579.137676573133,9110.789679756539,14002.597108944923,820
2014-02-08,11976.79193521965,9355.326268339973,14208.201871773783,820
2014-02-10,13309.858288322092,10917.396554827637,15773.746788389459,820
2014-02-11,11604.79342900059,9174.398721977335,13947.510829346555,820
2014-02-12,11181.972268586142,8717.8623746469,13679.422009248818,820
2014-02-13,10757.203134966783,8288.118795328468,13176.692756589417,820
2014-02-14,11483.798872443915,8970.917022886484,13913.357285856462,820
2014-02-15,11858.877278338325,9473.31346352447,14170.576201645392,820
2014-02-17,13156.599253005152,10874.879343833512,15472.882004918985,820
2014-02-18,11439.354942571088,9053.757717191433,13596.622312798303,820
2014-02-19,11008.297152505911,8636.543627711597,13463.946342601383,820
2014-02-20,10579.363389719392,8192.77252878839,12899.166621689468,820
2014-02-21,11305.932837354523,8900.012513391339,13851.502682141083,820
2014-02-22,11685.389681967277,9226.143443792236,14081.771384289741,820
2014-02-24,13004.037438144514,10499.556709060016,15153.471703043695,820
2014-02-25,11303.072971457525,8759.595517983254,13613.509090156473,820
2014-02-26,10891.909566406992,8490.150223800636,13315.260702103831,820
2014-02-27,10486.227380253385,8082.985580225857,12879.750384565243,820
2014-02-28,11239.103719574945,8704.394208818978,13528.115541171413,820
2014-03-01,11647.579229527822,9254.117422062789,13999.908731790305,820
2014-03-03,13030.835631320986,10665.968630915062,15344.195259603392,820
2014-03-04,11364.594447480347,8798.781518375083,13713.548863763568,820
2014-03-05,10989.140406022743,8539.038664298718,13275.602107017286,820
2014-03-06,10619.65377651192,8117.278244737681,12995.15171534982,820
2014-03-07,11408.694056229117,8929.424922905448,13802.363339901416,820
2014-03-08,11852.771911476852,9195.601861606834,14195.097767462343,820
2014-03-10,13303.406387317644,10955.135119889412,15791.71687091851,820
2014-03-11,11667.674609417722,9279.72729907045,13970.47899672385,820
2014-03-12,11320.063540874462,8975.641334578839,13792.860203536962,820
2014-03-13,10975.270061274405,8409.131437491022,13384.161038453802,820
2014-03-14,11785.404462394417,9444.809978198047,14350.711531530515,820
2014-03-15,12246.571247672198,9855.367339284157,14731.363492686294,820
2014-03-17,13718.01078278853,11265.980339664467,16115.051270315573,820
2014-03-18,12085.68104671219,9752.152322985217,14572.297182517752,820
2014-03-19,11736.441517813142,9298.382645256717,14025.03794876616,820
2014-03-20,11384.919553449956,9001.085501152937,13665.905869220196,820
2014-03-21,12183.242008188125,9605.969582902484,14550.767412213165,820
2014-03-22,12627.619366703164,10199.750498401092,15041.625153294814,820
2014-03-24,14051.426836347466,11555.902310559024,16465.401275395605,820
2014-03-25,12388.9193555495,10086.036865120383,14806.251399310544,820
2014-03-26,12005.848224519328,9486.662269268701,14308.418162972936,820
2014-03-27,11617.38112844956,9166.452715631169,14016.015994075127,820
2014-03-28,12376.255821919105,10234.55388166751,14665.691882585796,820
2014-03-29,12779.3542653394,10451.252274653465,15065.963579180276,820
2014-03-31,14118.027188398717,11778.72783032374,16595.167601517343,820
2014-04-01,12413.19668165464,10145.933378348955,14886.715595032994,820
2014-04-02,11989.006398737545,9700.85443986518,14413.493466852447,820
2014-04-03,11561.195560323133,9102.70461123543,13939.088580513695,820
2014-04-04,12283.44539367819,9884.942318910078,14674.223284549626,820
2014-04-05,12653.337793407758,10355.633347253613,15021.998386298246,820
2014-04-07,13938.341012000525,11506.971639826375,16392.204539484992,820
2014-04-08,12214.089267623249,9980.705742534057,14857.32401807404,820
2014-04-09,11775.955768375641,9458.849194344482,14014.355865854512,820
2014-04-10,11340.145702410351,8993.26929166688,13722.995839976216,820
2014-04-11,12060.288970815061,9604.403926270305,14541.999024987052,820
2014-04-12,12433.992887536846,10051.406908265502,14917.044356876739,820
2014-04-14,13743.84981049362,11499.143461976428,16190.286864785669,820
2014-04-15,12040.070721765744,9511.888030316339,14522.28532296125,820
2014-04-16,11627.198974492656,9322.309566646256,13991.826414536014,820
2014-04-17,11220.874904262044,8884.645050886018,13573.150721160895,820
2014-04-19,12383.655460929718,10190.474845805842,14875.278139228383,820
2014-04-22,12106.150681643041,9677.082892628297,14645.86262137443,820
2014-04-23,11732.130270235008,9361.62483605625,14051.952282542044,820
2014-04-24,11363.23764052195,8874.168144300882,13797.136374904832,820
2014-04-25,12151.619406954365,9707.413978151792,14543.911332788743,820
2014-04-26,12593.374937658195,10180.14327845994,15090.274644344,820
2014-04-28,14032.825821035045,11496.671902490254,16118.48565492653,820
2014-04-29,12387.572832593978,10023.099150103908,14801.405961654622,820
2014-04-30,12027.444574304773,9701.969591403655,14525.438012808705,820
2014-05-02,12458.10551142663,10030.34988806867,14801.706119915509,820
2014-05-03,12896.995033778843,10423.018635734623,15380.53585429811,820
2014-05-05,14314.428747944197,12176.927406453846,16723.8983751411,820
2014-05-06,12650.83410317031,10368.350680173327,14904.251760644918,820
2014-05-07,12267.957260776975,9897.5466933862,14600.351763066908,820
2014-05-08,11880.88844388054,9446.319842615747,14280.918022096723,820
2014-05-09,12642.295031656846,10323.149115592458,15190.269792436626,820
2014-05-10,13048.992943011646,10734.594206765893,15225.408130673944,820
2014-05-12,14397.803182409181,12041.157493818533,16911.67009718871,820
2014-05-13,12699.365459802073,10178.540730164508,15039.199917602036,820
2014-05-14,12282.336197651764,10038.633357087321,14627.905406765352,820
2014-05-15,11862.548122398613,9321.00731843934,14221.129152315512,820
2014-05-16,12593.355169301421,10115.116230550839,14972.23966666629,820
2014-05-17,12972.186473324678,10575.818135543162,15551.765965233126,820
2014-05-19,14275.459000535013,11914.369607698029,16702.016370308018,820
2014-05-20,12560.084722421596,9971.69616625722,14921.790400363332,820
2014-05-21,12130.303963127426,9763.340567603991,14685.229685228027,820
2014-05-22,11702.020305882545,9397.15474506919,14065.708167396386,820
2014-05-23,12428.480426257518,9834.276715575681,14753.029232298019,820
2014-05-24,12806.99798052619,10451.75976417017,15501.550508958424,820
2014-05-26,14120.501649785861,11724.361126446896,16692.654592682964,820
2014-05-27,12414.804534275121,9920.281074251914,14777.99450104105,820
2014-05-28,11997.025535586457,9564.551415504706,14205.676804201219,820
2014-05-30,12323.726187257706,10092.875396613454,14705.770685584157,820
2014-05-31,12717.426755230767,10193.423589505348,15096.76774421613,820
2014-06-02,14059.686761154664,11648.219365196674,16571.034207171433,820
2014-06-03,12366.269270554076,9839.868968921895,14691.380034028203,820
2014-06-04,11958.58887777544,9514.856141722119,14312.705092079033,820
2014-06-05,11551.432360601682,9264.350370359924,14002.702737272433,820
2014-06-06,12297.030739736378,9874.443806818414,14709.363662963786,820
2014-06-07,12691.648139510056,10372.203105555318,15058.588972310466,820
2014-06-10,12321.345643572415,9860.364531739064,14814.79165637263,820
2014-06-11,11900.08994940994,9505.229118408273,14414.125190074768,820
2014-06-12,11476.10886779766,9147.07414306856,13662.777664203457,820
2014-06-13,12202.010084869102,9923.88447280737,14578.032037735298,820
2014-06-14,12574.53472521855,10208.356106364034,14881.63791281616,820
2014-06-16,13858.670833262267,11477.472813595741,16227.240086806249,820
2014-06-17,12129.581453472516,9621.245922975679,14399.84020596283,820
2014-06-18,11682.951788117229,9486.678668639186,14077.725855673143,820
2014-06-20,11937.857370501766,9614.713769655868,14336.642001158414,820
2014-06-21,12290.229731025262,9930.130910373156,14669.307759816216,820
2014-06-23,13544.227419158773,11338.951382308896,15806.479054123149,820
2014-06-24,11806.35418495112,9332.855708622434,14043.21877311314,820
2014-06-25,11355.790672297486,9015.796712616828,13633.926001331538,820
2014-06-26,10908.716435607432,8355.776144734251,13388.57487761812,820
2014-06-27,11618.752856618075,9295.182515754614,13957.389411428003,820
2014-06-28,11983.515583503138,9566.251619264185,14512.781645096973,820
2014-06-30,13279.10167327768,10861.409217455546,15750.214872921493,820
2015-01-02,13223.61523013857,10822.860453140904,15566.59358001537,820
2015-01-03,13406.299692208237,10893.729754152866,15967.109355944081,820
2015-01-05,14336.46884704501,11868.842073470103,16715.095675100038,820
2015-01-07,11853.073750117674,9522.34739284387,14335.451315233553,820
2015-01-08,11271.523701450331,8864.7864393932,13731.424365206309,820
2015-01-09,11856.444620082413,9532.695141987544,14238.423606739101,820
2015-01-10,12105.687633250876,9859.469361232921,14490.419269132477,820
2015-01-12,13198.921644952015,10737.113474187829,15590.763423980896,820
2015-01-13,11402.559264253008,9057.055308699282,13689.370536093213,820
2015-01-14,10907.06411501678,8604.215335601746,13188.416762972713,820
2015-01-15,10427.533048412753,8080.716470630417,12770.402887040063,820
2015-01-16,11116.303864593918,8818.446871555565,13482.427473170244,820
2015-01-17,11469.546745710622,9121.465299109683,13855.389412621886,820
2015-01-19,12764.984275810026,10227.143643990188,15188.548670980623,820
2015-01-20,11064.011353273512,8556.670595541369,13656.839147760427,820
2015-01-21,10658.465338028327,8278.408569276351,13106.38646858647,820
2015-01-22,10262.423676529987,7829.39688923723,12785.709696635276,820
2015-01-23,11027.380199453572,8696.009607363752,13386.87947091528,820
2015-01-24,11448.841591632392,9134.174493993087,13870.396618396633,820
2015-01-26,12855.066125168896,10598.49453767049,15283.125514496418,820
2015-01-27,11196.229281109514,8875.209550561456,13620.005699003204,820
2015-01-28,10823.972455263278,8291.003629440074,13368.369482678785,820
2015-01-29,10452.560335398553,8210.018835750287,12930.093680615228,820
2015-01-30,11233.81286151188,8931.898798415896,13720.962810549194,820
2015-01-31,11663.686190921077,9120.424630958583,14001.210397836358,820
2015-02-02,13065.395709728775,10795.06190564563,15533.163001393741,820
2015-02-03,11394.993239190208,9035.916198196428,13759.303984489092,820
2015-02-04,11005.973622009997,8707.292188846744,13344.25503198607,820
2015-02-05,10613.40695375844,8293.273154997643,13070.46992148662,820
2015-02-06,11369.937895708996,8928.588546121075,13776.819804678544,820
2015-02-07,11772.351134216553,9434.890348058729,14074.05642113228,820
2015-02-09,13114.174429012339,10789.906772358525,15724.721620206219,820
2015-02-10,11412.901725230933,9122.057917055392,13905.400900296141,820
2015-02-11,10993.364617894988,8548.65760958098,13152.010409784536,820
2015-02-12,10571.298989967037,8287.593159562894,13141.321132291865,820
2015-02-13,11299.957720819864,8924.33613656731,13648.368068321566,820
2015-02-14,11676.671539113588,9416.00197055895,14130.328237229507,820
2015-02-16,12975.469859846355,10541.682732745141,15257.278688257584,820
2015-02-17,11257.630435639367,8895.880048686675,13532.940824160229,820
2015-02-18,10825.216454249661,8540.107758909082,13224.969446281597,820
2015-02-19,10394.174408478708,7995.892291830685,12956.534577859087,820
2015-02-20,11117.902405445859,8687.764269489206,13529.475598704272,820
2015-02-21,11493.813010361542,9086.8817637531,13751.902108789442,820
2015-02-23,12803.411858120116,10414.138308671369,15206.620445685288,820
2015-02-24,11097.044493270188,8495.125005970702,13455.035053254936,820
2015-02-25,10679.971990767102,8561.915973829831,12958.90933540451,820
2015-02-26,10267.943020765857,7921.534952480141,12658.932477027332,820
2015-02-27,11014.109905935557,8611.626332373233,13458.760504517326,820
2015-02-28,11415.594203538425,8925.964357011948,13817.877848136754,820
2015-03-02,12784.371835273669,10387.011697445894,15033.779383460307,820
2015-03-03,11110.827759032949,8780.798362592852,13515.39206293261,820
2015-03-04,10728.156509361503,8332.578045040078,13176.083610008218,820
2015-03-05,10351.636429459857,7973.692606099785,12779.710270282596,820
2015-03-06,11133.92526081815,8843.519826738862,13411.81136101557,820
2015-03-07,11571.630717021522,9094.824315550388,13881.132888169946,820
2015-03-09,13011.030822358452,10532.046380246815,15329.375816434056,820
2015-03-10,11370.8175743164,8968.839487036641,13804.165563444327,820
2015-03-11,11019.4496984889,8850.209397512488,13262.74023542753,820
2015-03-12,10671.69171644138,8325.379602666197,12980.440153911099,820
2015-03-13,11479.710810728011,9245.586245483784,14033.177399230804,820
2015-03-14,11939.65611334606,9667.85816651458,14411.423312768431,820
2015-03-16,13411.443284505462,11041.858992036106,15761.963876822932,820
2015-03-17,11780.699179518739,9429.274381394103,14175.534497028371,820
2015-03-18,11433.9704588456,9171.7275911007,13840.698661661483,820
2015-03-19,11085.85142724749,8660.983476880489,13502.840236212554,820
2015-03-20,11888.41892182206,9552.534192470732,14267.146361420915,820
2015-03-21,12337.816742586487,10010.48832587407,14767.950894914877,820
2015-03-23,13773.645748977677,11370.478312085583,16083.66246860275,820
2015-03-24,12117.930597402667,9751.738586635485,14238.278420547074,820
2015-03-25,11742.012953179285,9237.611920855035,14071.71624965527,820
2015-03-26,11360.928077803936,9009.179984966457,13758.521737784979,820
2015-03-27,12127.27415124956,9832.9203948021,14419.213407543424,820
2015-03-28,12537.789095592621,10054.52575489385,15100.623032920883,820
2015-03-30,13890.549373376878,11382.690191161417,16358.927617680805,820
2015-03-31,12192.105930149752,9707.024706024327,14497.18225044086,820
2015-04-01,11773.686432531445,9501.549357186395,14143.414917590146,820
2015-04-02,11351.108427478604,8986.103032259345,13572.329043070591,820
2015-04-04,12451.08802325025,10076.650132628658,14769.317227718622,820
2015-04-07,12015.9354288423,9717.30484774501,14435.437856615808,820
2015-04-08,11576.979609650518,9096.089211663588,13854.330282726827,820
2015-04-09,11139.259144520578,8642.019884098525,13452.607695529501,820
2015-04-10,11856.442376631012,9396.198658596482,14268.688202903157,820
2015-04-11,12226.197839127,9768.071773032718,14555.798332353059,820
2015-04-13,13525.544052924884,11111.335121508007,15950.16601986493,820
2015-04-14,11815.426241670772,9309.09230600496,14255.526820266186,820
2015-04-15,11395.669643975001,8960.387165872691,13734.90884203726,820
2015-04-16,10982.062688118793,8636.126051478524,13330.04380318515,820
2015-04-17,11727.734136163921,9434.748861723705,14130.948022813049,820
2015-04-18,12129.716483717342,9867.272701141414,14542.01846910883,820
2015-04-20,13501.790484874786,11076.995320611433,15868.104805307757,820
2015-04-21,11830.552986165776,9473.856879579362,14281.226341113841,820
2015-04-22,11450.21078537027,9159.687474523012,13702.38739851268,820
2015-04-23,11075.676666863892,8724.508603732282,13511.264441830479,820
2015-04-24,11859.213594884448,9486.3693471618,14106.180913073333,820
2015-04-25,12297.018281526474,9812.792549102884,14614.258040611994,820
2015-04-27,13731.530690752157,11166.14886388854,16035.476542655973,820
2015-04-28,12085.557710052015,9746.511265711264,14581.603103222686,820
2015-04-29,11725.765448469181,9386.956127677917,14089.986296745488,820
2015-04-30,11366.645081959932,9053.458191445317,13879.183264549612,820
2015-05-02,12602.334309277434,10410.439990567267,14955.348251586742,820
2015-05-04,14028.73588053206,11668.775266806546,16445.754285825493,820
2015-05-05,12370.594631815717,9683.284003845167,14737.803052238918,820
2015-05-06,11993.641791440661,9575.39216140067,14558.576090575241,820
2015-05-07,11612.823879869877,9359.04173211496,13939.213236340369,820
2015-05-08,12380.659520962807,10088.448986070027,14869.240707789868,820
2015-05-09,12793.814713323914,10445.347611593032,15133.631936786023,820
2015-05-11,14155.041987322062,11727.946049552016,16727.442371632325,820
2015-05-12,12462.292868354718,9924.202200441612,14863.521617197537,820
2015-05-13,12050.445067000548,9712.817951805591,14626.100417528634,820
2015-05-15,12369.921914193965,9945.416202162352,14760.727748144423,820
2015-05-16,12751.887003132366,10514.235666867151,15046.171584643256,820
2015-05-18,14059.044244065864,11787.833681557313,16443.46693869952,820
2015-05-19,12344.412697647074,10037.74694212046,14738.455261259127,820
2015-05-20,11914.607519228897,9442.884054350327,14401.26832834716,820
2015-05-21,11485.583927204963,9045.664718108597,13695.839702128991,820
2015-05-22,12210.715679583687,9809.508951630316,14554.258465722454,820
2015-05-23,12587.349852540068,10302.06946024384,14882.700985326557,820
2015-05-26,12187.270585225635,9724.31299647243,14671.726554447854,820
2015-05-27,11766.527345466442,9387.207902831347,14154.149319301052,820
2015-05-28,11349.035759815853,8917.717627244874,13774.074889455618,820
2015-05-29,12087.566222459107,9749.05471467433,14552.696781060866,820
2015-05-30,12478.815931340352,9998.735420080158,14841.995575352119,820
2015-06-01,13817.480764621829,11438.10671368081,16269.673109880507,820
2015-06-02,12123.096037954625,9849.589436813658,14515.107050722238,820
2015-06-03,11715.090688431961,9359.697660759764,14248.196978609536,820
2015-06-05,12054.953538129721,9630.677780281949,14543.823047139715,820
2015-06-06,12451.33382350697,10190.17547165088,14611.205212268507,820
2015-06-08,13790.012450812015,11281.037003399877,16126.59953197874,820
2015-06-09,12090.161914046297,9850.34122289357,14691.516675380735,820
2015-06-10,11673.004686408492,9269.324545905241,13902.865835476552,820
2015-06-11,11253.490118056452,8991.102722978121,13538.002144975875,820
2015-06-12,11984.107295875463,9530.172853709559,14410.005853545981,820
2015-06-13,12361.467581449895,9924.933378486345,14592.79778089969,820
2015-06-15,13655.079720839418,11292.382215147594,16064.176724379393,820
2015-06-16,11930.348968788989,9470.519525205782,14354.787301654593,820
2015-06-17,11487.637353527276,9127.537870283419,13963.181077240388,820
2015-06-18,11042.620931236333,8776.198582328785,13443.253798323207,820
2015-06-19,11748.54000656951,9307.773343030689,14090.954477267365,820
2015-06-20,12102.761976793678,9657.831787553183,14440.535065621014,820
2015-06-22,13357.706320040115,10852.37299353226,15610.53362949409,820
2015-06-23,11618.805905651043,9130.971776755267,14142.281650175251,820
2015-06-24,11166.168200761313,8945.657708431521,13604.151926228004,820
2015-06-25,10715.966418911063,8270.526983923017,13172.579875636555,820
2015-06-26,11421.838975431814,9055.38867078677,13774.161334837083,820
2015-06-27,11781.441621692113,9468.265133023182,13982.276188790167,820
2015-06-29,13063.988928676012,10756.308857510665,15447.640165588233,820
2015-06-30,11347.282274735586,8856.672476987333,13607.37176192934,820
2015-07-01,10922.207718376776,8443.785103949042,13282.148819772783,820
2015-07-02,10504.61927879045,8319.12628433677,12935.497847237702,820
2015-07-03,11247.723942685867,8892.85160532189,13650.20802796253,820
2015-07-04,11648.643438474555,9427.059902745745,14051.405956342767,820
2015-07-06,13023.503480050043,10674.84851321452,15407.856218901907,820
2015-07-07,11356.329086199852,8914.518819697194,13950.56894890817,820
2015-07-08,10981.976601351267,8543.60145244935,13293.68112571806,820
2015-07-09,10615.46652238891,8238.401255905173,12961.654907024766,820
2015-07-10,11409.163191094089,9008.061682568079,13717.558134711868,820
2015-07-11,11859.354108318948,9438.443690377682,14264.275108553009,820
2015-07-13,13325.600848461601,11017.544412625839,15734.865792018778,820
2015-07-14,11699.062008381501,9111.180871933406,14232.13488979118,820
2015-07-15,11361.092259644774,9043.085891452323,13730.547517216719,820
2015-07-16,11026.147661593515,8634.736766049187,13602.592681857932,820
2015-07-17,11846.115870885564,9325.950148863058,14236.237582095957,820
2015-07-18,12316.901723484114,9828.35464264988,14683.913912542877,820
2015-07-20,13806.268989742422,11329.382492195606,16269.735007496967,820
2015-07-21,12181.98387571285,9855.539085031845,14657.743912077249,820
2015-07-22,11840.043890235547,9378.60023986474,14180.829887550859,820
2015-07-23,11495.00534485192,9199.029762700966,13865.80391598757,820
2015-07-24,12298.94061618327,9928.044639734859,14792.427826246814,820
2015-07-25,12748.015781098857,10533.864485121127,15113.010067333795,820
2015-07-27,14178.300922633458,11843.966399493793,16609.741650400003,820
2015-07-28,12517.464493312298,10127.138842660645,14997.166578436467,820
2015-07-29,12134.915077303149,9743.96643766058,14518.44239715969,820
2015-07-30,11745.706690704312,9207.221476946432,14137.472408162672,820
2015-07-31,12502.426690604501,10034.231019430195,14920.583833573479,820
2015-08-01,12901.76454773182,10450.673744674654,15165.214619934528,820
2015-08-02,12709.383966521169,10171.782368431363,14997.109637676096,820
2015-08-03,14227.098455066138,11793.690140216257,16621.06977862322,820
2015-08-04,12512.071843789397,10062.704720661426,14927.988408603176,820
2015-08-05,12074.848046422669,9663.464491822615,14553.38924743212,820
2015-08-06,11630.952528754971,9127.777815261643,13869.512477307622,820
2015-08-07,12333.423776170153,9789.630705206955,14672.933327630886,820
2015-08-08,12679.381611970111,10408.312519138763,15164.467192332502,820
2015-08-09,12434.89985866766,10053.26239311185,14656.691379231708,820
2015-08-10,13902.18325249868,11487.735853939055,16195.545522538283,820
2015-08-11,12138.769886342907,9853.884485284767,14438.886863819467,820
2015-08-12,11655.563229659043,9409.360546120219,14020.551057184906,820
2015-08-13,11168.435934316949,8698.305361317012,13692.891968890372,820
2015-08-14,11830.76345984444,9541.956485953857,14114.045991186147,820
2015-08-15,12139.994122419397,9619.299495742502,14512.786027020571,820
2015-08-16,11862.522832410505,9453.67445316055,14330.697808371924,820
2015-08-17,13300.868232969471,10970.009268296793,15720.85278611769,820
2015-08-18,11512.874356078064,9087.735186496157,13953.009803880655,820
2015-08-19,11009.74073172491,8548.687575415928,13432.827722212885,820
2015-08-20,10507.623098184056,8062.220210746978,12780.756847959432,820
2015-08-21,11160.162741862901,8994.452921297901,13665.407040140233,820
2015-08-22,11465.051124218582,9213.885606402195,13846.947810315762,820
2015-08-23,11188.897171489694,8844.255910029597,13591.954977979989,820
2015-08-24,12634.397106807855,10093.666719899522,14929.88441532304,820
2015-08-25,10859.528159932397,8530.4067936408,13067.695092748887,820
2015-08-26,10375.57035455582,8058.760151647376,12793.635949406877,820
2015-08-27,9898.698823234787,7661.824063319732,12297.277686740985,820
2015-08-28,10582.505008605252,8287.055160654407,12932.081861348634,820
2015-08-29,10924.55375577083,8657.49112914004,13343.876216241884,820
2015-08-30,10691.24402468,8508.379406236354,13081.586077117057,820
2015-08-31,12184.973448219538,9767.720237030608,14613.448320744043,820
2015-09-01,10463.328397826794,8105.614110180614,12924.655197004164,820
2015-09-02,10037.10405175182,7650.626909545453,12511.701841347063,820
2015-09-03,9621.897167204017,7210.821687141952,12092.553777076166,820
2015-09-04,10370.630112308902,7844.78141751148,12739.794747353255,820
2015-09-05,10780.113296174799,8438.494896593094,13202.02317742595,820
2015-09-06,10615.913788288859,8300.4193846259,13023.995639181028,820
2015-09-07,12179.530338275426,9709.03780015138,14612.017592961533,820
2015-09-08,10527.596363239556,8220.671314215911,12829.702771499451,820
2015-09-09,10169.915221918278,7919.62428367893,12844.996990559239,820
2015-09-10,9821.070221562026,7496.396073685052,12194.167151977106,820
2015-09-11,10632.967582720372,8337.833058303757,13190.833528673735,820
2015-09-12,11101.419100843706,8820.747684947048,13511.714457703703,820
2015-09-13,10991.03183645719,8605.460590215544,13521.847320913552,820
2015-09-14,12602.40453711365,10124.865114209617,15055.398372252004,820
2015-09-15,10991.35181457597,8586.192186986556,13373.28437285732,820
2015-09-16,10666.959831469187,8242.453640678985,12924.62269436361,820
2015-09-17,10343.215372815164,7944.675049272527,12819.07142163802,820
2015-09-18,11171.565967852375,8854.81616828808,13702.32901185515,820
2015-09-19,11647.517268372509,9394.689958691974,13975.262688942537,820
2015-09-20,11535.534526463338,9090.0293147859,13820.054916241204,820
2015-09-21,13136.247444850067,10440.753894081456,15469.257409558759,820
2015-09-22,11505.67906687853,9022.057661088602,13819.477751731472,820
2015-09-23,11153.30218994434,8788.649757661053,13520.614427085162,820
2015-09-24,10793.66500404515,8492.638073393722,13008.021608167357,820
2015-09-25,11578.943551824575,8985.102863346858,13918.919112603406,820
2015-09-26,12005.52725755725,9480.103024738184,14259.806020708567,820
2015-09-27,11838.904521694516,9420.240578901125,14257.998966829175,820
2015-09-28,13380.847919812692,10958.045806935917,15806.438758409391,820
2015-09-29,11688.620046787173,9368.794469781764,14119.317177552532,820
2015-09-30,11273.003964793632,8997.178254212993,13577.636284077473,820
2015-10-01,10849.900522914073,8584.711029760525,13217.291168080248,820
2015-10-02,11572.850789116856,9209.448636590269,14184.288384767462,820
2015-10-03,11939.590549729643,9558.955715008897,14200.725143798601,820
2015-10-04,11716.90462645863,9378.142630235592,14142.605153130415,820
2015-10-05,13207.78133022663,10823.769687190596,15539.03255032389,820
2015-10-06,11470.588879308567,9200.176567075401,13783.789080327253,820
2015-10-07,11017.078513250612,8770.208125418678,13321.169567931449,820
2015-10-08,10563.957307533583,8208.296409081162,12881.434087136111,820
2015-10-09,11265.389611639435,8927.954017616294,13539.307665446178,820
2015-10-10,11619.534672179348,9204.93486111666,14134.406735163806,820
2015-10-11,11393.388705114814,8987.749791231598,13836.491362524372,820
2015-10-12,12889.932141618086,10520.788926837578,15503.684399599324,820
2015-10-13,11167.304159101475,8855.461437494561,13512.14892637276,820
2015-10-14,10736.809381163432,8210.680553987346,13095.818487109242,820
2015-10-15,10314.499765822382,7898.489926641176,12717.555301317563,820
2015-10-16,11053.69047743879,8593.71016452339,13626.274457354957,820
2015-10-17,11451.51703642994,9055.54380765762,13808.165627521534,820
2015-10-18,11273.801606525723,8879.7005644528,13690.484598244211,820
2015-10-19,12822.228611793274,10436.547102169874,15154.70197320581,820
2015-10-20,11153.551145931116,8653.644683951085,13487.711481065084,820
2015-10-21,10777.63230662722,8408.57041988876,13394.398423307593,820
2015-10-22,10409.063639634758,7985.424407116581,12792.91676131616,820
2015-10-23,11199.718589416998,8928.042100586666,13539.702878329974,820
2015-10-24,11645.347310679612,9322.167477682697,13883.34300043346,820
2015-10-25,11510.479743112453,9011.867632979218,13712.265211903514,820
2015-10-26,13095.636191138192,10622.16410282744,15388.324494942757,820
2015-10-27,11456.56595221313,9042.500903968894,13731.888690173271,820
2015-10-28,11102.317263618963,8625.60080367814,13465.627560995763,820
2015-10-29,10746.879968214149,8585.05993221097,13349.830283448482,820
2015-10-30,11541.758112285175,9255.609623135833,14035.886575245971,820
2015-10-31,11982.578265158234,9554.396510823553,14361.010603489945,820
2015-11-01,11834.00003373598,9635.310558548808,14275.693815716502,820
2015-11-02,13396.92773246203,11060.402566878125,15839.08438596168,820
2015-11-03,11727.74362841535,9251.502092771758,14143.936009738023,820
2015-11-04,11336.36606965082,8837.632581999811,13825.569813774258,820
2015-11-05,10937.874098856017,8614.006047105315,13293.807836829277,820
2015-11-06,11685.056126959365,9580.568942895028,14141.525910552113,820
2015-11-07,12074.988970488559,9590.021132353868,14434.836300752699,820
2015-11-08,11873.914380976536,9457.846586136331,14155.326120679985,820
2015-11-09,13384.412808447176,10988.973731125177,15848.685903997532,820
2015-11-10,11664.59570726731,9230.055716323228,14094.16551405064,820
2015-11-11,11226.120667508147,8845.315393837416,13679.139434025565,820
2015-11-12,10785.772011018207,8494.40096590695,13082.474850930143,820
2015-11-13,11497.965500749597,9142.250141403803,13937.230499348569,820
2015-11-14,11861.284550979983,9589.521245750459,14293.99383373077,820
2015-11-15,11643.316133647337,9247.098400520523,14047.634341052431,820
2015-11-16,13147.78714544064,10853.384888335977,15552.793782013268,820
2015-11-17,11433.7234970127,9135.894087723811,13875.098824493425,820
2015-11-18,11013.437066038818,8464.686569057265,13465.388000341012,820
2015-11-19,10604.083895967751,8279.720323033955,12971.237711313344,820
2015-11-20,11360.152896056696,9005.149756298453,13755.151726754366,820
2015-11-21,11779.992886374546,9281.560314883181,14350.920344148473,820
2015-11-22,11630.64647552766,9137.050193844747,14029.232515002643,820
2015-11-23,13214.991657128394,10709.974726233968,15644.036087623397,820
2015-11-24,11590.913332645925,9158.92008086368,13952.90462544049,820
2015-11-25,11269.309674263242,8926.22314154555,13701.982170868965,820
2015-11-26,10965.67631212078,8472.58552428531,13310.93125106807,820
2015-11-27,11832.62704411495,9474.310849834974,14099.901696224359,820
2015-11-28,12366.458207622301,10029.709752709981,14983.828561043329,820
2015-11-29,12332.024366978327,10151.699704819546,14720.759112255073,820
2015-11-30,14029.925259108617,11640.607696317611,16340.245111901606,820
2015-12-01,12515.725174722178,10082.001918462545,14878.128173698165,820
2015-12-02,12298.008597003589,9956.074854662258,14720.221515033612,820
2015-12-03,12090.013955278862,9653.202276673412,14558.409261726734,820
2015-12-04,13042.20305748836,10605.373377610606,15510.999836148858,820
2015-12-05,13648.872226067462,11424.98089333135,16084.9890203558,820
2015-12-06,13673.071723294004,10997.649073374036,16078.390310528463,820
2015-12-07,15413.832412785621,13238.444364036171,17984.643096660417,820
2015-12-08,13925.419935172813,11560.663606504391,16432.500246703275,820
2015-12-09,13715.419437692544,11203.174260061205,15998.3266418345,820
2015-12-10,13496.392068546753,11016.810122136218,15820.17527678269,820
2015-12-11,14418.460303459851,12194.1723966171,16831.654433326952,820
2015-12-12,14975.927794170133,12554.667517689824,17351.52645809105,820
2015-12-13,14932.200157734631,12678.815134613009,17350.975225253926,820
2015-12-14,16587.00565757818,14079.933749839875,18976.96864987853,820
2015-12-15,14995.636227409706,12553.978094131337,17519.147959531285,820
2015-12-16,14667.012214860184,12415.686310750634,17029.509525265217,820
2015-12-17,14315.31254661492,11874.504227745294,16671.523557416775,820
2015-12-18,15092.52801428984,12686.969853825383,17404.48971379871,820
2015-12-19,15495.04412647971,13150.281712429096,17974.77270298194,820
2015-12-20,15288.520806362878,12746.411751618776,17483.68587403951,820
2015-12-21,16775.068828866537,14356.1721798829,19226.863108394293,820
2015-12-22,15012.444451142883,12590.91024990156,17268.95980585568,820
2015-12-23,14512.066650143594,12094.159060469137,16944.21443320883,820
2015-12-24,13990.599715684715,11624.35797009172,16481.951206793863,820
2015-12-25,14602.459929239545,12201.714779266034,17019.677266570492,820
2015-12-26,14846.353765159929,12363.650319898861,17276.260716792392,820
2015-12-27,14490.115822588916,12107.618283375703,16718.161328148006,820
2015-12-28,15837.847227336222,13293.370951195058,18342.64619990105,820
2015-12-29,13949.076701266526,11598.495356080397,16272.25590396659,820
2015-12-30,13336.749339104594,10969.15230749816,15988.740337992462,820
2015-12-31,12718.786337782669,10387.09113883453,14995.659008454075,820
2016-01-01,13250.574766545024,10910.966168906398,15862.48623270534,820
2016-01-02,13431.495028741214,11110.209961998775,16096.142701988232,820
2016-01-03,13029.754292302847,10645.294976279769,15421.29303052314,820
2016-01-04,14349.526553714542,11984.29354909818,16705.030483841652,820
2016-01-05,12450.121320376395,10016.70644129051,14842.571360268068,820
2016-01-06,11843.985610098889,9407.802091404945,14152.77166225299,820
2016-01-07,11248.28205406305,8980.749925928598,13587.5425931222,820
2016-01-08,11817.401630185403,9612.521200558627,14289.96916134542,820
2016-01-09,12049.518030206216,9788.455859539277,14600.046226764878,820
2016-01-10,11711.451221993502,9317.496680138103,14045.450272126871,820
2016-01-11,13105.840107861733,10716.67868399646,15436.311861092554,820
2016-01-12,11290.345471178485,8907.334204142988,13723.903578835934,820
2016-01-13,10775.687109151948,8434.054107870703,13190.459288038664,820
2016-01-14,10277.257148484423,7955.00902291263,12618.499841625648,820
2016-01-15,10947.66731119278,8562.965984771847,13345.929025720665,820
2016-01-16,11283.336421704473,9073.796380099551,13542.114843512236,820
2016-01-17,11049.385067171694,8745.686830682269,13623.461824028083,820
2016-01-18,12546.836738439,10105.65141595542,14937.265333119856,820
2016-01-19,10831.846157617972,8319.431739266049,13422.825896025539,820
2016-01-20,10413.758298719475,8027.235702344827,12713.765432628532,820
2016-01-21,10006.739807406775,7512.613643859623,12395.918934489742,820
2016-01-22,10762.340399220244,8375.979562825029,13135.057023985955,820
2016-01-23,11176.090442503619,8652.290943623819,13573.688926485018,820
2016-01-24,11012.401652733293,8658.001673699546,13529.069833616657,820
2016-01-25,12571.770334687497,10365.014872558064,14805.44868694636,820
2016-01-26,10910.004074150416,8498.690090267643,13327.49760764569,820
2016-01-27,10536.27565802043,8102.295174996224,12838.572096719792,820
2016-01-28,10164.746266926377,7708.3290902668305,12607.985798387079,820
2016-01-29,10947.11591079389,8654.476834269673,13562.214041270438,820
2016-01-30,11379.207744210102,8968.586901791592,13725.962647664515,820
2016-01-31,11225.853644973853,8776.308990864474,13479.20086469061,820
2016-02-01,12788.080960963003,10295.673499697892,15108.69783184843,820
2016-02-02,11122.321794674792,8790.212722381195,13596.376339724418,820
2016-02-03,10738.44905823767,8441.924509552122,13055.140838226156,820
2016-02-04,10351.381771743003,8131.887587119307,12779.276712010269,820
2016-02-05,11113.617969059796,8881.978793581151,13632.001644332811,820
2016-02-06,11521.802198139256,9070.290783703005,14095.585527652805,820
2016-02-07,11341.595299111377,9031.136752786224,13755.96390071881,820
2016-02-08,12874.846611025083,10610.692488171135,15113.325727351074,820
2016-02-09,11178.79016433389,8814.207679331528,13671.053316459498,820
2016-02-10,10764.069222148228,8245.116064017973,13118.789642799256,820
2016-02-11,10346.331716318518,8034.878188729621,12610.653088356028,820
2016-02-12,11078.754962002158,8693.518927729905,13334.97827477082,820
2016-02-13,11458.606607815918,9074.058226657591,13884.429109619761,820
2016-02-14,11252.10943176115,8863.16880778292,13507.80725326189,820
2016-02-15,12761.61002400159,10412.651835730392,15171.984869623959,820
2016-02-16,11044.772775384896,8705.54748641555,13422.189553901548,820
2016-02-17,10612.60337580008,8246.748102391908,12997.377446821956,820
2016-02-18,10181.044197690067,7718.628391647827,12582.93350646787,820
2016-02-19,10903.499773485964,8502.554218548106,13281.636133176367,820
2016-02-20,11277.39915340821,9088.802643258183,13667.624161982772,820
2016-02-21,11069.062594065834,8765.715116184341,13434.285903195923,820
2016-02-22,12580.87247636581,10073.613929771329,14902.12556400654,820
2016-02-23,10870.46975137909,8660.208077581048,13397.645424071365,820
2016-02-24,10448.780023875504,8019.5599180569925,12987.16264537253,820
2016-02-25,10031.611582734367,7792.606000163035,12454.572756935693,820
2016-02-26,10772.183550198353,8508.66198009155,13144.799163890202,820
2016-02-27,11167.690928118187,8692.125901805806,13688.573491675923,820
2016-02-28,10984.174010319191,8399.57162388962,13481.596985869988,820
2016-02-29,12523.692101780289,10049.773544568323,14994.820987299572,820
2016-03-01,10843.522904920428,8500.932655321853,13418.51065200655,820
2016-03-02,10454.191758669975,8067.083599142137,12855.183206011206,820
2016-03-03,10071.073123752303,7662.753726000281,12530.762044084458,820
2016-03-04,10846.922572617805,8458.776968155853,13304.495767868546,820
2016-03-05,11278.446144185295,8761.679641803672,13859.277700090744,820
2016-03-06,11131.174603866992,8587.444903547083,13619.888052141718,820
2016-03-07,12706.642604153863,10403.871378351958,15130.38033916147,820
2016-03-08,11061.594138552504,8732.149981917486,13367.664971418562,820
2016-03-09,10706.018480235214,8388.040286547346,13030.527786808234,820
2016-03-10,10354.758974436241,7904.839451157829,12777.571738856848,820
2016-03-11,11160.052885892184,8771.132967337682,13550.866630568811,820
2016-03-12,11618.109071119821,9202.306550029156,13914.345968363898,820
2016-03-13,11493.990892009037,9073.67479452119,13862.35253244143,820
2016-03-14,13088.804211163928,10775.820556912648,15378.349634478693,820
2016-03-15,11458.911678439574,9057.507473076012,13868.156893630465,820
2016-03-16,11113.977293148913,8825.285302602028,13586.984206599349,820
2016-03-17,10768.583386156719,8500.57710621357,13168.741103315451,820
2016-03-18,11574.777987035499,9164.235624523788,13820.329472298763,820
2016-03-19,12028.659106047275,9772.776924321555,14424.55377408825,820
2016-03-20,11895.26311186434,9302.485466283304,14494.383865734571,820
2016-03-21,13475.75682221595,10852.369641944037,15874.801906788474,820
2016-03-22,11826.654314663872,9563.99211798031,14199.205273040649,820
2016-03-23,11457.862268739264,9285.352587685233,14025.466348405193,820
2016-03-24,11084.295846538704,8738.249524322255,13515.398693876008,820
2016-03-25,11858.422983115704,9561.96392824425,14369.396966170782,820
2016-03-26,12276.843570839847,9780.836400736755,14591.615200051085,820
2016-03-27,12105.170726012095,9578.802767762847,14407.948231542388,820
2016-03-28,13645.21381735606,11383.838080691225,16026.580438663092,820
2016-03-29,11954.18438279567,9582.827379554677,14061.127578449536,820
2016-03-30,11542.72892045788,9282.8131139985,13847.406577648693,820
2016-03-31,11126.53078918039,8698.886363572386,13458.493350920966,820
2016-04-01,11858.839367190463,9321.853366555973,14338.847765992032,820
2016-04-02,12237.033273687093,10139.410769777003,14560.763883860545,820
2016-04-03,12027.485198165843,9670.741268268348,14603.365738730978,820
2016-04-04,13532.728401102986,11104.097046147755,15927.404597156252,820
2016-04-05,11810.646413478102,9430.11534000436,14319.451492103839,820
2016-04-06,11372.490329310043,8897.921789068727,13707.72227072515,820
2016-04-07,10934.466330081821,8534.837478319598,13311.314573487847,820
2016-04-08,11650.251977516831,9232.20799404418,14186.306843648164,820
2016-04-09,12017.548440186798,9586.900721132908,14442.411789833623,820
2016-04-10,11802.936521566584,9402.897559453198,14189.063943550667,820
2016-04-11,13309.03682779595,10818.700525333512,15504.149609148562,820
2016-04-12,11593.69582058214,9204.667851492026,13879.345524288707,820
2016-04-13,11168.00230275666,8618.90118975768,13543.532851313455,820
2016-04-14,10747.877058503658,8192.161818414357,13209.906677623885,820
2016-04-15,11486.594193451567,9123.306399731402,13753.309698650794,820
2016-04-16,11881.34127273818,9427.0147222891,14407.31971178743,820
2016-04-17,11698.085980859256,9465.636097840283,14062.52865524298,820
2016-04-18,13238.749424053198,10838.015683995138,15725.838011636817,820
2016-04-19,11560.40753367909,9208.156948585172,14147.218866158655,820
2016-04-20,11173.324767903341,8883.197433220555,13682.38392980185,820
2016-04-21,10792.56242893822,8388.54064778313,13237.749487590825,820
2016-04-22,11570.519691549805,9308.313008549947,14128.838811399377,820
2016-04-23,12003.513957996423,9503.498875196356,14381.021556822783,820
2016-04-24,11856.667759762904,9529.926693658748,14203.076276043068,820
2016-04-25,13431.10181578232,11224.293049289,15940.73214107943,820
2016-04-26,11783.155200796602,9293.78890321418,14097.129891751763,820
2016-04-27,11422.436336558576,9046.099886195683,13659.641373048002,820
2016-04-28,11063.446671688343,8745.855608693742,13622.139660088658,820
2016-04-29,11858.134740584297,9410.487344011291,14335.612163930004,820
2016-04-30,12302.48686864717,9878.181341763762,14611.10235196474,820
2016-05-01,12161.421463897741,9616.838327172465,14513.04388634768,820
2016-05-02,13735.986299997321,11247.787919389335,16164.617115488409,820
2016-05-03,12082.579621969833,9609.226361559618,14358.731246683186,820
2016-05-04,11710.99875082027,9349.690143065847,14076.25040404771,820
2016-05-05,11336.058104421716,9017.717099329717,13896.997493588735,820
2016-05-06,12110.134463491313,9720.761586215782,14530.309139865081,820
2016-05-07,12529.745972710502,10217.053539521992,14941.452800474699,820
2016-05-08,12360.432117946146,9948.565187788143,14553.529466215234,820
2016-05-09,13903.934456893805,11629.085063695356,16405.062439722322,820
2016-05-10,12217.399367361571,9843.895269995213,14507.5939563886,820
2016-05-11,11811.40697251281,9298.821061411894,14404.078905279372,820
2016-05-12,11401.568680131286,9059.720476055516,13888.601280188635,820
2016-05-13,12141.051707490067,9712.46458793322,14546.729826892135,820
2016-05-14,12527.137632589769,10072.539809452002,14995.586965991057,820
2016-05-15,12326.08275692313,9911.386757993605,14809.285695751903,820
2016-05-16,13840.280579268116,11330.066293187774,16264.934663542113,820
2016-05-17,12127.448131276431,9747.292984947995,14455.700206583697,820
2016-05-18,11698.640770986742,9027.36520316578,13920.613511097852,820
2016-05-19,11269.838246990652,8915.926122998328,13607.602919950968,820
2016-05-20,11994.460708336637,9658.338235115547,14369.497922736398,820
2016-05-21,12369.921924480099,10123.758373042585,14849.301481243805,820
2016-05-22,12162.48763713714,9912.585055847976,14610.022107453557,820
2016-05-23,13674.439390114972,11325.040579124354,16308.383046589022,820
2016-05-24,11963.26554261815,9558.891593362403,14418.893336114143,820
2016-05-25,11539.683926329297,9054.017308366561,13873.107801023298,820
2016-05-26,11119.238736433545,8868.388672541068,13497.197705337881,820
2016-05-27,11854.830028394648,9420.535408734859,14300.530708423095,820
2016-05-28,12243.282709047982,9856.048833752822,14658.044715065449,820
2016-05-29,12050.222506313223,9673.643417766472,14527.951386922041,820
2016-05-30,13577.258776081399,11244.070866074819,15915.373073315806,820
2016-05-31,11881.195327740834,9377.220334629872,14282.626886968275,820
2016-06-01,11472.073182965258,9206.118620551457,13763.195625067689,820
2016-06-02,11064.787304999907,8462.589712831286,13506.397481761725,820
2016-06-03,11811.63512603565,9334.907032228359,13979.84661292475,820
2016-06-04,12208.903240081276,9774.38945721997,14718.116678291555,820
2016-06-05,12021.759262396086,9727.384762339445,14518.174681870962,820
2016-06-06,13551.44828141367,11176.209861860354,16012.62039879582,820
2016-06-07,11854.514714901592,9409.529651761013,14278.912536951531,820
2016-06-08,11440.853187645806,9064.147941604111,13989.492825749576,820
2016-06-09,11025.330251344718,8496.14514854708,13365.752979207507,820
2016-06-10,11760.334643867436,9263.60488469257,14181.282054136302,820
2016-06-11,12142.362414476138,9637.006558518993,14622.7931193822,820
2016-06-12,11936.903965227246,9469.25996669294,14375.158062839839,820
2016-06-13,13445.632572388768,11100.936864102612,15868.016801497628,820
2016-06-14,11725.615421462888,9240.77182121914,14055.299574090383,820
2016-06-15,11287.351072603562,8835.902278472147,13545.32420225249,820
2016-06-16,10846.37554563757,8542.847535628704,13342.92470322263,820
2016-06-17,11555.795148501813,9221.335730106668,13803.525477664181,820
2016-06-18,11912.852848670227,9665.767858920777,14154.781548080198,820
2016-06-19,11683.795743540224,9243.140126745418,14046.132642737608,820
2016-06-20,13171.043717998706,10808.847150994576,15640.248377132568,820
2016-06-21,11432.380851201788,8937.591549758175,13721.245956720546,820
2016-06-22,10978.974007343699,8494.85480256805,13403.585382919679,820
2016-06-23,10526.96129272398,8151.563911229818,12822.491104923518,820
2016-06-24,11229.968958144646,8920.84357362673,13756.278444207448,820
2016-06-25,11585.66395110863,8979.223429382893,14002.98315321503,820
2016-06-26,11360.610017834562,8914.78639387649,13827.873492137092,820
2016-06-27,12857.427717675393,10410.201692329449,15159.430671135437,820
2016-06-28,11133.980110024597,8675.349749324458,13540.498565173162,820
2016-06-29,10701.388665445123,8358.094723287566,13202.410151645568,820
2016-06-30,10275.622117343939,7875.480845939859,12775.468011882644,820
2016-07-01,11010.01678432129,8532.261047304695,13338.115097845293,820
2016-07-02,11401.835438321412,8937.285835042558,13680.102613862982,820
2016-07-03,11217.132413949876,8822.345288279526,13504.932098347042,820
2016-07-04,12757.925048240097,10198.79082286072,15324.73569105332,820
2016-07-05,11081.392877651486,8520.708607754692,13410.366007076358,820
2016-07-06,10697.908761638582,8165.891731639759,13023.999860304806,820
2016-07-07,10322.644228541203,7896.660260460899,12787.956350110315,820
2016-07-08,11108.107128286738,8559.093164983131,13394.722659792738,820
2016-07-09,11550.718209027094,9122.90710691908,13936.35695202276,820
2016-07-10,11415.693856248368,9020.424603777941,13856.878778003836,820
2016-07-11,13004.234640443237,10599.987675984235,15232.852147584801,820
2016-07-12,11372.740683478736,9038.545245506884,13680.309553607034,820
2016-07-13,11030.857633692123,8701.502832079272,13293.322595081889,820
2016-07-14,10693.095213837889,8369.84283221708,13042.646712792439,820
2016-07-15,11511.376150553358,9216.704096628866,13902.267740049121,820
2016-07-16,11981.621889378608,9489.994653801417,14441.113972189318,820
2016-07-17,11868.64218747932,9472.503798780745,14177.61527640262,820
2016-07-18,13473.328153605935,10997.239510683628,15836.856856519713,820
2016-07-19,11851.869738434234,9396.814636361427,14314.878777521268,820
2016-07-20,11513.801526219022,9123.219528149437,13979.01291331274,820
2016-07-21,11173.618916827189,8813.708388720406,13475.33601410423,820
2016-07-22,11983.322689903593,9586.534965938185,14323.940227041194,820
2016-07-23,12438.998588870754,9959.477837496715,14816.691126448843,820
2016-07-24,12305.699292444358,9849.916026295696,14671.047326453157,820
2016-07-25,13884.628650197494,11358.937962745375,16357.129031576857,820
2016-07-26,12232.349513187582,9663.716107768269,14799.808011222492,820
2016-07-27,11858.819347996756,9491.577647980055,14205.474043405997,820
2016-07-28,11478.996058594339,9011.76819258884,13991.523746092585,820
2016-07-29,12245.372330373664,9868.967641157811,14681.091178922223,820
2016-07-30,12654.545433012892,10277.234755393225,15259.009863552239,820
2016-07-31,12472.09011625688,10072.732107499984,14760.569730978792,820
2016-08-01,13999.734700244366,11508.990346318045,16444.405860575567,820
2016-08-02,12294.561869269604,9856.186844353151,14642.037585665792,820
2016-08-03,11867.038482378779,9418.952271466285,14214.980175226403,820
2016-08-04,11432.61689511874,8964.067205975183,13795.662112478309,820
2016-08-05,12144.266120037471,9769.243430234215,14506.4219312205,820
2016-08-06,12499.039720668097,10054.821098057535,14801.572134487127,820
2016-08-07,12262.947978354357,9690.425754010143,14522.81427373573,820
2016-08-08,13738.13429167592,11306.585102918089,16037.217133151384,820
2016-08-09,11982.077133738727,9534.622647725664,14331.44477406584,820
2016-08-10,11505.621664435213,9161.788356079012,14002.332355249728,820
2016-08-11,11024.583251235903,8618.510457969547,13420.780865110843,820
2016-08-12,11692.280971547458,9366.246075071262,14087.718419397204,820
2016-08-13,12006.107733005456,9720.75282708316,14383.336387951442,820
2016-08-14,11732.404300071072,9129.873631220555,14008.219073926655,820
2016-08-15,13173.636953084544,10865.646823829293,15648.456329317965,820
2016-08-16,11387.599899279789,8851.289857872396,13805.105868479337,820
2016-08-17,10885.44636336375,8569.579130987366,13277.904156091656,820
2016-08-18,10383.29048639909,8002.251164483474,12775.788585390681,820
2016-08-19,11034.73803145409,8608.28225281674,13401.97299375473,820
2016-08-20,11337.452513303755,9084.987384680113,13688.51401399591,820
2016-08-21,11058.024078940649,8759.597782024819,13400.1101497324,820
2016-08-22,12499.140961712723,10072.087713756493,15016.160227439195,820
2016-08-23,10718.784781986136,8292.316076063653,13024.824168912986,820
2016-08-24,10228.253828199591,7931.014529554625,12542.471314945642,820
2016-08-25,9743.756700793203,7297.825393655014,12182.996199212264,820
2016-08-26,10418.934610845194,7930.44034912797,12868.854660897423,820
2016-08-27,10751.419274864786,8460.083955884686,13124.278800158865,820
2016-08-28,10507.694076656597,8270.415634061414,13054.149458549453,820
2016-08-29,11990.2586719174,9458.478568653882,14467.473360617607,820
2016-08-30,10256.818657360853,7858.744840382413,12607.774692819814,820
2016-08-31,9818.304771165149,7388.652525171741,12147.236708152817,820
2016-09-01,9390.464311072405,6974.581901230235,11872.143314982393,820
2016-09-02,10126.38332542956,7773.2818186060385,12495.517215231057,820
2016-09-03,10523.046730178328,8042.210313138512,12743.730324453853,820
2016-09-04,10346.204172943062,7870.0164149476595,12688.337184311313,820
2016-09-05,11897.541900580152,9491.433360884952,14230.40717122893,820
2016-09-06,10233.882257046253,7911.311483254719,12645.1293283831,820
2016-09-07,9865.215203871978,7352.668524924181,12443.389926560389,820
2016-09-08,9506.304393985372,7012.725185090981,11964.119080616667,820
2016-09-09,10309.22611842217,7801.8040620003385,12660.510605322686,820
2016-09-10,10769.947966572305,8499.39705481894,13173.910897616584,820
2016-09-11,10653.21463796316,8296.361700560054,13057.918273510413,820
2016-09-12,12259.74071672974,9842.019071365745,14644.681278974134,820
2016-09-13,10645.431538662111,8099.005162621762,12980.879520437718,820
2016-09-14,10319.436006957196,7873.666202500366,12819.373672115942,820
2016-09-15,9995.773326449682,7670.290870191296,12300.008475775854,820
2016-09-16,10825.891405130113,8469.189538688875,13309.39445706035,820
2016-09-17,11305.263199570392,8863.224241843754,13826.635562335276,820
2016-09-18,11198.28790137751,8678.240856801971,13621.905041750531,820
2016-09-19,12805.496274351926,10415.18253806191,15013.063334155098,820
2016-09-20,11182.780826264167,8799.754656131845,13486.15168095888,820
2016-09-21,10839.454295211264,8380.324734410757,13178.357379177765,820
2016-09-22,10489.878127342434,8034.361938817758,12897.093450811897,820
2016-09-23,11286.018496019917,8692.100096106578,13740.160075829475,820
2016-09-24,11724.03604316429,9547.27199020269,14108.052143742749,820
2016-09-25,11569.17625326929,9124.425309898335,14100.878447023315,820
2016-09-26,13122.959895229747,10696.937496005195,15356.688069017888,820
2016-09-27,11442.394453861623,9008.994438143338,13974.224960569712,820
2016-09-28,11038.010378345401,8596.134414099157,13397.424717759231,820
2016-09-29,10625.464274718317,8153.4665070935525,13074.16548104627,820
2016-09-30,11358.067136891787,8868.787776480542,13595.839661752007,820
2016-10-01,11733.344423047232,9279.667254719785,14020.299864545601,820
2016-10-02,11517.895581308345,9019.546584070931,13796.818968799873,820
2016-10-03,13014.553203660334,10840.121206725446,15525.020641846366,820
2016-10-04,11281.56350533728,8854.361848360164,13758.383244247396,820
2016-10-05,10830.592744149326,8409.90113877829,13342.694707201186,820
2016-10-06,10378.302485005774,7935.374886677916,12629.423922834932,820
2016-10-07,11078.85255230643,8638.662840661476,13408.751453556546,820
2016-10-08,11430.439174512067,9093.35697088113,13751.999780415572,820
2016-10-09,11200.136552028674,8666.420457125814,13708.342887897079,820
2016-10-10,12691.042565917889,10344.31328433714,15072.667679749584,820
2016-10-11,10961.450758591023,8440.206497776093,13338.20279291848,820
2016-10-12,10522.85351618113,8211.015572094948,12929.471053179579,820
2016-10-13,10091.51954407011,7604.335210749329,12401.511458019373,820
2016-10-14,10821.004527261932,8390.654040769365,13190.796897459733,820
2016-10-15,11208.702388460308,8666.494132966694,13554.557056447036,820
2016-10-16,11020.705141982015,8658.208055696183,13491.187292666858,820
2016-10-17,12558.971690479071,10111.400543361062,14994.349736327698,820
2016-10-18,10880.527194266117,8580.92428678033,13209.74161987181,820
2016-10-19,10495.49732191706,8198.77969145561,12872.896539434476,820
2016-10-20,10118.719746459483,7750.247621019893,12491.723464486236,820
2016-10-21,10902.290963346824,8532.952331650049,13273.585427259708,820
2016-10-22,11342.154958429333,8931.899126630733,13781.39130095287,820
2016-10-23,11203.000792389408,8770.843906512979,13698.166532700916,820
2016-10-24,12785.468493373626,10596.329114870967,15276.42533730407,820
2016-10-25,11145.38393296837,8834.881725102268,13507.516239671544,820
2016-10-26,10791.826065284193,8398.729227641816,13082.8852794123,820
2016-10-27,10438.768014146986,8019.662633785765,12705.379588155603,820
2016-10-28,11237.649278852468,8520.416407199442,13500.560356843916,820
2016-10-29,11683.984875789247,9261.993476909756,14072.573365364795,820
2016-10-30,11542.277886574506,9143.27525501575,13811.682175596692,820
2016-10-31,13113.234339811905,10870.436893387137,15684.414891232704,820
2016-11-01,11453.00078262285,9042.518202455127,13936.690895699527,820
2016-11-02,11071.227757628649,8674.732772268022,13521.844233159014,820
2016-11-03,10682.700667997211,8284.500125754821,13271.024858956089,820
2016-11-04,11439.89546173711,9032.583993017237,13602.61700899749,820
2016-11-05,11839.565274776425,9437.192799070612,14193.446920771157,820
2016-11-06,11647.6249801125,9208.36822484188,13905.268856664336,820
2016-11-07,13166.333191620279,10588.689893620814,15490.173537494982,820
2016-11-08,11453.492829931522,9048.08711858954,13853.842742066836,820
2016-11-09,11020.474329949182,8591.099316977983,13326.815377716091,820
2016-11-10,10583.803928112095,8356.266452327332,12889.640858309302,820
2016-11-11,11297.675484592115,8984.338515091842,13702.234069289556,820
2016-11-12,11660.49304703305,9240.8908338802,14093.0374138118,820
2016-11-13,11439.712187181178,9035.460951745774,13821.570473914946,820
2016-11-14,12938.980732514701,10520.803948623414,15385.696529570358,820
2016-11-15,11217.301036579278,8688.367417853191,13604.941449118398,820
2016-11-16,10787.018840336574,8492.1992749302,13076.005761932316,820
2016-11-17,10365.382047054885,7987.453929731024,12625.55778599685,820
2016-11-18,11107.028639413362,8744.948326168462,13495.16488124282,820
2016-11-19,11510.511588055017,9141.930380472051,13926.444295788528,820
2016-11-20,11343.129278021846,8854.254922170898,13761.277753215298,820
2016-11-21,12908.062409424403,10558.631578024533,15361.866181541678,820
2016-11-22,11263.539680870243,8772.152805569775,13367.62666414964,820
2016-11-23,10920.837297991693,8336.79892512286,13410.590097578784,820
2016-11-24,10595.855444851226,8400.647957990052,13034.049588188245,820
2016-11-25,11441.630591106372,9015.110399161718,13845.532135688094,820
2016-11-26,11954.890965554669,9610.337772519113,14348.065700614696,820
2016-11-27,11900.923053459484,9356.037991383566,14213.599263189362,820
2016-11-28,13580.749270820383,11348.83210811453,15954.340266529678,820
2016-11-29,12050.338205672924,9686.61154245534,14585.22009704189,820
2016-11-30,11818.651458074248,9253.466565568104,14229.673600437778,820
2016-12-01,11599.269137731628,9274.525863217672,14106.168295787122,820
2016-12-02,12542.951771444103,9976.666876529067,14660.365829257618,820
2016-12-03,13144.244815972666,10783.801745330615,15582.452003390612,820
2016-12-04,13166.392511605152,10556.933362692873,15465.584089999702,820
2016-12-05,14908.560147391701,12399.219098881935,17355.666366308214,820
2016-12-06,13425.085112304805,11061.477173696901,15722.61901224217,820
2016-12-07,13223.559838302985,10919.40108116127,15619.843073706434,820
2016-12-08,13016.48788094682,10504.532675390781,15421.188122919237,820
2016-12-09,13953.870207656679,11508.781503229584,16363.32523808102,820
2016-12-10,14529.827354298264,12091.952420807642,16957.045547174406,820
2016-12-11,14507.523808879872,12058.51665757929,16832.691384728514,820
2016-12-12,16186.393484315577,13701.087368537887,18565.667539376227,820
2016-12-13,14621.386615506837,12174.22471374334,17056.309452527406,820
2016-12-14,14321.041318147565,11841.882541872592,16694.662091762704,820
2016-12-15,13999.121351696844,11716.43833112668,16464.91143234235,820
2016-12-16,14807.177610294122,12366.38550538466,17253.316479426587,820
2016-12-17,15241.139600129414,12823.756188486146,17485.538786670186,820
2016-12-18,15066.20398878052,12828.770675857613,17566.983082535528,820
2016-12-19,16584.01992445025,14175.476686711057,19144.456799005977,820
2016-12-20,14851.892385166779,12284.328528639311,17301.38621285106,820
2016-12-21,14380.807785208759,11886.259602647502,16761.08612004614,820
2016-12-22,13887.024412022076,11466.887113112612,16249.725578257132,820
2016-12-23,14524.586263864652,12141.912011758439,16962.485132128128,820
2016-12-24,14791.867583948404,12358.120200734096,17393.63010079385,820
2016-12-25,14456.416180045933,12327.508811375523,16776.043691093255,820
2016-12-26,15822.096173839751,13510.897914232322,18170.95980120934,820
2016-12-27,13948.252308294028,11736.534907321962,16382.69726622833,820
2016-12-28,13347.700810894834,10983.26999714846,15652.783460472916,820
2016-12-29,12738.290042911114,10470.80116956028,15136.031937300744,820
2016-12-30,13275.390034959748,10868.432480138135,15564.99543274611,820
2016-12-31,13458.418597983742,11103.410836867593,15839.613834102385,820
2017-01-01,13055.672348911412,10663.185933574148,15498.943994412737,820
2017-01-02,14371.463400633284,12030.86961517582,16761.091050998322,820
2017-01-03,12465.283805164694,9972.687221785907,14869.585397420817,820
2017-01-04,11849.802569340563,9415.162941992689,14381.303124813183,820
2017-01-05,11242.438162943185,8867.486176511347,13495.850511703531,820
2017-01-06,11797.865189067363,9446.55317550918,14140.386572930505,820
2017-01-07,12014.562368549647,9556.456649881442,14343.43951735116,820
2017-01-08,11659.669550216295,9118.123289879793,13819.859192337515,820
2017-01-09,13036.153796081313,10561.536154032545,15408.345572084118,820
2017-01-10,11202.005876784364,8920.406969418511,13662.155972043925,820
2017-01-11,10668.271209129884,8284.142960934412,13182.715292639572,820
2017-01-12,10150.657355092379,7646.645854388657,12487.94719576298,820
2017-01-13,10802.075957658435,8605.542105795823,13267.775318697253,820
2017-01-14,11119.225496728166,8546.818353470531,13548.330180624502,820
2017-01-15,10867.481851047318,8526.693294896713,13170.846470938724,820
2017-01-16,12348.096048815769,9878.055685324089,14820.78653956595,820
2017-01-17,10617.41994883754,8198.070354054224,13234.939963593675,820
2017-01-18,10184.963374915778,7788.496306095794,12655.289468309913,820
2017-01-19,9765.024407248542,7418.598641490555,12052.300301685085,820
2017-01-20,10509.250389949726,8221.713719625444,12847.18261000687,820
2017-01-21,10913.235824224703,8362.029532126942,13238.023160648232,820
2017-01-22,10741.424022724403,8258.42959532038,13020.862627375589,820
2017-01-23,12294.311897991449,9841.491596481597,14743.918066163878,820
2017-01-24,10627.678712824618,7993.904914033772,12943.661916426903,820
2017-01-25,10250.642490429422,7684.11571154293,12671.687879972125,820
2017-01-26,9877.28604205463,7620.8231928584555,12217.977117686416,820
2017-01-27,10659.210494274963,8352.211105788572,12945.853779120049,820
2017-01-28,11092.122864265077,8750.607562931018,13560.10448085964,820
2017-01-29,10940.72498084095,8670.623975239112,13407.361591896071,820
2017-01-30,12505.903575427492,10141.055534683155,15023.654709252733,820
2017-01-31,10843.94283793793,8493.666380505925,13237.493008844047,820
2017-02-01,10464.563604417299,8045.740785421928,12856.92210268659,820
2017-02-02,10082.531592697023,7764.0330451668015,12576.436224713158,820
2017-02-03,10850.193004238003,8344.639830960998,13347.634686990785,820
2017-02-04,11264.044443928846,9053.756716389915,13748.40489125842,820
2017-02-05,11089.604817113997,8778.547850096973,13435.836702598628,820
2017-02-06,12628.589341353443,10210.140448201679,14940.200291495661,820
2017-02-07,10938.107227142822,8534.305979595356,13393.617850692535,820
2017-02-08,10528.687397025256,8306.199917163345,13015.884002706343,820
2017-02-09,10115.874803880493,7690.767936446746,12454.824942964207,820
2017-02-10,10852.755753803882,8331.73097802605,13246.839236249722,820
2017-02-11,11236.519217818182,8815.423427760514,13767.856979929224,820
2017-02-12,11033.321773810787,8594.872971898445,13379.452026601923,820
2017-02-13,12545.456253061004,10098.374203438232,14733.877060318553,820
2017-02-14,10830.545544469947,8515.558951777713,13276.59336270344,820
2017-02-15,10399.565793918908,8020.625402683668,12670.521942381063,820
2017-02-16,9968.441405115214,7484.594528509613,12344.36512978793,820
2017-02-17,10690.570078635725,8248.411120524994,13004.97900345737,820
2017-02-18,11063.384698986252,8677.535977923158,13470.728362803322,820
2017-02-19,10853.219538507596,8571.900741914336,13427.2426217198,820
2017-02-20,12362.480689416769,10044.002558599195,14605.867688649829,820
2017-02-21,10648.84202981061,8063.021582882009,13079.755139433646,820
2017-02-22,10223.270834711402,8130.410155844186,12822.198558940949,820
2017-02-23,9801.625337433425,7397.329732190751,12198.208818132436,820
2017-02-24,10537.182404753374,8008.5817751502145,13127.199172028299,820
2017-02-25,10927.202091371704,8496.998588297029,13507.434060233274,820
2017-02-26,10737.796527367496,8321.88712149688,13143.263985747855,820
2017-02-27,12271.103062131866,9934.14005394098,14637.725256749223,820
2017-02-28,10584.483007083718,8098.412764260436,12830.7528006323,820
2017-03-01,10188.550145742161,7814.264546286384,12494.389826417424,820
2017-03-02,9798.77138916278,7225.568836704721,12111.088477927524,820
2017-03-03,10567.997823019412,8138.333898859246,13038.896040896638,820
2017-03-04,10993.032998293536,8518.314701272238,13529.260871524657,820
2017-03-05,10839.506003099466,8464.41721475195,13145.71394866369,820
2017-03-06,12409.049313582174,9997.392640538917,14737.569536369316,820
2017-03-07,10758.50282563977,8634.964259994964,13332.490495794047,820
2017-03-08,10397.948274395578,8150.178948302799,12942.966277578942,820
2017-03-09,10042.316432351683,7718.194421706474,12383.585112835763,820
2017-03-10,10843.925315662373,8438.863217602862,13421.68006458488,820
2017-03-11,11299.056202018284,9023.70144876447,13592.487348691462,820
2017-03-12,11172.834915232072,8688.30632953673,13537.780651050407,820
2017-03-13,12766.418259088776,10338.230002053084,15221.853706616546,820
2017-03-14,11136.206854686123,8796.23343523695,13495.197324645053,820
2017-03-15,10791.888411585953,8475.941161425972,13302.635452235927,820
2017-03-16,10448.053622268966,8006.376074174998,12777.27821837625,820
2017-03-17,11256.742688422843,8891.955197491587,13716.609602296108,820
2017-03-18,11714.029048453154,9245.859735065642,14018.943839829024,820
2017-03-19,11584.90752175247,9075.716358082052,13860.389960213366,820
2017-03-20,13170.486514579745,10857.008131291343,15551.003302564377,820
2017-03-21,11527.205314833871,9205.383779069,13898.943423783523,820
2017-03-22,11164.88029774276,8820.962150850262,13594.32465335585,820
2017-03-23,10798.322050690796,8323.931638328144,13222.881084429968,820
2017-03-24,11579.881278962284,9215.81352208448,13998.713079257031,820
2017-03-25,12006.029956555312,9580.178506933427,14434.183005694611,820
2017-03-26,11842.244879466207,9588.779576124476,14462.745036812474,820
2017-03-27,13390.193260159484,10977.521765060666,16084.44354882152,820
2017-03-28,11706.941439012813,9301.289005467872,14182.234352267953,820
2017-03-29,11302.990639712269,8818.341245918537,13794.433272497758,820
2017-03-30,10893.88193786753,8630.645432521427,13197.687874816716,820
2017-03-31,11632.728519752656,9335.230588610362,14149.281973116045,820
2017-04-01,12016.781960836965,9364.24944746855,14512.094869079834,820
2017-04-02,11812.299991848267,9590.825631099415,14134.84010221061,820
2017-04-03,13321.715739582272,10756.867026158649,15749.239006033704,820
2017-04-04,11602.829895981457,9241.712875661207,13993.502694116347,820
2017-04-05,11166.830140496137,8746.052586476553,13555.83799830983,820
2017-04-06,10729.880392309866,8192.529738774623,13163.513355357827,820
2017-04-07,11445.63837523028,9084.039953895914,13864.267722304161,820
2017-04-08,11811.808617715822,9448.982153031617,14273.068398665155,820
2017-04-09,11594.998724319606,9164.156593292468,13991.824736768653,820
2017-04-10,13097.87923897532,10714.879182782692,15418.709101211798,820
2017-04-11,11378.368841313064,8919.887633700373,13810.77882270361,820
2017-04-12,10947.649433801427,8504.201547650875,13176.508051207271,820
2017-04-13,10521.753866465288,8248.28787070911,12783.619566155037,820
2017-04-14,11254.084883103811,9043.151115062028,13657.833818224011,820
2017-04-15,11641.9724390805,9114.741379989235,13968.80038293385,820
2017-04-16,11451.537178733015,8917.06327302362,14064.556953843661,820
2017-04-17,12984.860267889262,10690.340787832007,15570.935780913906,820
2017-04-18,11299.18112344839,8817.061777567493,13772.637232439158,820
2017-04-19,10904.927327471712,8677.459445385904,13242.978470980486,820
2017-04-20,10517.319137617034,8280.49267011493,13058.023303714343,820
2017-04-21,11288.906785722336,8897.2597849608,13651.134834027724,820
2017-04-22,11716.14727532296,9290.197317730508,14246.937544882467,820
2017-04-23,11564.287990457133,9071.730311617328,14028.718119767758,820
2017-04-24,13134.556811675706,10885.966540743231,15513.231913733158,820
2017-04-25,11483.379770716781,9061.468585212824,13763.706242283988,820
2017-04-26,11120.430023817938,8699.840925563181,13476.954377321597,820
2017-04-27,10760.250064329639,8429.319829931082,13096.653592522807,820
2017-04-28,11554.804905669289,9358.213815490955,13994.717030058355,820
2017-04-29,12000.072527321323,9602.08463816144,14351.05569702505,820
2017-04-30,11860.938533048171,9296.560877074166,14163.914968469544,820
2017-05-01,13438.394419122624,10965.132306157244,15934.011343303406,820
2017-05-02,11788.760259880783,9390.63376190844,14250.317938797501,820
2017-05-03,11421.73544705857,8761.57503635102,13825.160081985337,820
2017-05-04,11052.019345431645,8741.041972948917,13498.191198363926,820
2017-05-05,11831.859625238985,9578.031306362504,14186.066753502288,820
2017-05-06,12257.634681144104,9958.784873761375,14656.975123125127,820
2017-05-07,12094.737288788487,9656.972455025738,14282.443398064297,820
2017-05-08,13644.759179001127,11190.24138182102,15949.373715590365,820
2017-05-09,11964.697692012045,9586.752587841629,14553.88013895966,820
2017-05-10,11564.988567099304,9225.005887449623,14125.805278627333,820
2017-05-11,11161.107201815576,8731.885390974765,13540.959856128215,820
2017-05-12,11906.096653130506,9447.247355850994,14289.337196365912,820
2017-05-13,12297.129328544836,9683.99142553851,14541.874024019186,820
2017-05-14,12100.370068478274,9787.422190698591,14481.805159074254,820
2017-05-15,13618.140847041515,11202.848094553732,16161.493550757941,820
2017-05-16,11908.108782809099,9611.607959118222,14377.935889834755,820
2017-05-17,11481.30201159386,9096.48718004995,13793.259637517735,820
2017-05-18,11053.696205909255,8744.813607151214,13422.060877917893,820
2017-05-19,11778.73040541433,9388.94144445659,14271.06199080101,820
2017-05-20,12153.859428832639,9617.22046364044,14369.637297531192,820
2017-05-21,11945.410812844064,9420.721035197059,14133.822659379477,820
2017-05-22,13455.746663913176,11256.442311677347,15879.693037764728,820
2017-05-23,11742.452184034863,9469.563807456529,14264.852988933144,820
2017-05-24,11316.355400023442,8998.605082786078,13708.030573325217,820
2017-05-25,10893.120767654375,8182.755348870178,13297.008521879598,820
2017-05-26,11625.775113564845,9158.370732453168,13965.815368469415,820
2017-05-27,12011.272901585278,9575.166784233088,14248.572957213079,820
2017-05-28,11815.36841049128,9384.10972388314,14285.815039124955,820
2017-05-29,13339.794786030388,10883.506868087017,15678.968474408579,820
2017-05-30,11641.471251809922,9020.512269127097,13971.352498150878,820
2017-05-31,11230.542492644852,8878.925412405239,13518.91390971739,820
2017-06-01,10821.99233978667,8293.66131034835,13264.458574769695,820
2017-06-02,11568.189668626037,9112.309485739894,14112.469230122984,820
2017-06-03,11965.472947495615,9644.286292838211,14370.739537012822,820
2017-06-04,11779.040496461472,9443.920848313466,14126.062425770411,820
2017-06-05,13310.145924825287,10781.4881435002,15618.319099413538,820
2017-06-06,11615.319585528643,9170.068541928034,13932.516115493463,820
2017-06-07,11204.419673558692,8797.458194883984,13689.234888922301,820
2017-06-08,10792.254781639193,8437.821175809833,13245.531773523433,820
2017-06-09,11531.135586203967,9223.171815935812,13915.967622768361,820
2017-06-10,11917.461950206995,9584.515311433506,14232.284394473298,820
2017-06-11,11716.612437977505,9279.841378657602,14142.053185476203,820
2017-06-12,13230.135737789664,10748.231790145739,15673.230682400663,820
2017-06-13,11514.964946282164,9043.495723169162,13917.545856916626,820
2017-06-14,11081.458543187502,8730.787538508826,13587.888456755076,820
2017-06-15,10645.010150517983,8273.531886472883,12985.58166828433,820
2017-06-16,11358.585101409271,8805.559116568353,13749.498771435661,820
2017-06-17,11719.290518320991,9203.702518746515,14032.796705881454,820
2017-06-18,11493.246358491137,9212.990647136307,14023.941994167815,820
2017-06-19,12982.75742110591,10604.160827032947,15414.594642013255,820
2017-06-20,11245.507791430007,8746.775089593868,13465.385981565134,820
2017-06-21,10792.582079197196,8315.23695717555,13371.016729741217,820
2017-06-22,10340.056067294858,7981.444000395969,12781.973434821146,820
2017-06-23,11041.515296628488,8834.161301858083,13633.15976516543,820
2017-06-24,11394.608752645727,8929.201380257065,13743.535001706303,820
2017-06-25,11165.905530109876,8723.001583963593,13518.033660427314,820
2017-06-26,12658.054830552508,10044.39904225133,15091.352504133873,820
2017-06-27,10928.971060369786,8556.747330319662,13357.193503562281,820
2017-06-28,10489.848604279756,8209.384143312693,12738.115976310359,820
2017-06-29,10056.749027902537,7561.479950429803,12637.336109345204,820
2017-06-30,10783.11929000865,8473.485669954875,13050.885798522644,820
2017-07-01,11166.348101750282,8560.76347085262,13696.572533730132,820
2017-07-02,10972.62819967341,8552.825625341353,13477.091393404731,820
2017-07-03,12504.124700794446,10049.869787880849,14928.052882924532,820
2017-07-04,10818.171050520634,8222.495356424964,13162.479537893929,820
2017-07-05,10425.29681919007,8086.3805027605595,12841.380520007027,820
2017-07-06,10040.82972962068,7535.098101306898,12393.743374241576,820
2017-07-07,10817.430084173757,8299.165122820936,13170.251960118547,820
2017-07-08,11251.664287964819,8775.89811988283,13682.81621582385,820
2017-07-09,11108.884778941145,8610.743167520273,13423.617350734934,820
2017-07-10,12690.416074707398,10289.501468680648,15264.840487670243,820
2017-07-11,11052.767999137004,8597.591843360553,13431.7678182507,820
2017-07-12,10705.679920113154,8246.020604349285,13146.82520816356,820
2017-07-13,10363.737991180953,7904.827189064198,12922.32531182396,820
2017-07-14,11178.923221181622,8845.633802017648,13624.433055739064,820
2017-07-15,11647.19677808478,9353.53530362286,14112.30821636092,820
2017-07-16,11533.389608436604,8954.810853392799,13765.799761601984,820
2017-07-17,13138.395918892178,10664.558776804066,15511.758543856213,820
2017-07-18,11518.391488849491,9153.14615761716,13715.758612357542,820
2017-07-19,11182.88062108072,8736.180968929417,13794.04497876167,820
2017-07-20,10846.31376752437,8410.543277349861,13184.021629949339,820
2017-07-21,11660.633763619098,9117.547252309045,14023.700207764707,820
2017-07-22,12121.85724659545,9783.807075275865,14446.393622121317,820
2017-07-23,11994.95856098327,9439.370079492213,14332.890387038024,820
2017-07-24,13581.055963760093,11153.029833781558,15854.143400942645,820
2017-07-25,11936.621398230971,9720.696309918058,14405.699821897519,820
2017-07-26,11571.517967377547,9067.48529333571,14034.959698432254,820
2017-07-27,11200.607479754486,8810.407123928615,13536.884569234868,820
2017-07-28,11976.286338407683,9610.621595248918,14431.76553242171,820
2017-07-29,12395.056674849882,10021.182897228839,14733.079259955506,820
2017-07-30,12222.400337352516,9859.95769008588,14807.924963113155,820
